GenerateSyntheticRetailData,,,,,,,
Transaction_ID,Customer_Name,Location,Product_Category,Item_Name,Price,Quantity,Returned
TX100000,Michael Brown,Los Angeles,Home,Lamp,176.73,3,No
TX100001,Laura Jones,Phoenix,Home,Table,483.51,2,No
TX100002,Michael Lopez,New York,Beauty,Shampoo,11.44,2,Yes
TX100003,Alex Miller,New York,Home,Chair,372.22,1,No
TX100004,Laura Jones,Chicago,Beauty,Moisturizer,108.87,1,No
TX100005,Emily Davis,Houston,Beauty,Conditioner,97.18,3,No
TX100006,Laura Williams,Chicago,Clothing,T-shirt,297.23,2,No
TX100007,Katie Jones,Houston,Home,Table,190.35,1,No
TX100008,Jane Davis,Los Angeles,Electronics,Tablet,471.98,1,Yes
TX100009,Katie Johnson,Los Angeles,Clothing,Shoes,42.1,5,No
TX100010,Chris Smith,Phoenix,Beauty,Shampoo,71.99,2,Yes
TX100011,Sarah Garcia,Houston,Beauty,Perfume,46.55,5,Yes
TX100012,David Smith,Phoenix,Electronics,Camera,474.71,1,Yes
TX100013,Sarah Williams,New York,Beauty,Perfume,126.84,1,No
TX100014,Michael Brown,Houston,Home,Sofa,470.97,1,No
TX100015,David Williams,Chicago,Clothing,Jacket,72.01,2,Yes
TX100016,Chris Williams,New York,Beauty,Perfume,62.15,1,Yes
TX100017,Michael Jones,New York,Beauty,Lipstick,140.01,1,No
TX100018,David Miller,Chicago,Electronics,Smartphone,249.45,4,Yes
TX100019,Jane Brown,New York,Home,Curtains,91.56,3,Yes
TX100020,David Johnson,Houston,Beauty,Shampoo,32.79,3,Yes
TX100021,Sarah Martinez,Phoenix,Electronics,Camera,676.17,1,No
TX100022,Sarah Jones,New York,Beauty,Conditioner,31.07,1,No
TX100023,Jane Brown,Houston,Electronics,Camera,974.46,1,No
TX100024,Michael Davis,Los Angeles,Electronics,Smartphone,557.37,2,No
TX100025,Alex Smith,Houston,Home,Lamp,275.68,4,No
TX100026,Emily Johnson,Phoenix,Beauty,Conditioner,44.53,2,No
TX100027,Laura Brown,Houston,Home,Lamp,261.93,1,No
TX100028,Jane Garcia,Chicago,Electronics,Headphones,729.53,1,No
TX100029,Katie Lopez,Phoenix,Clothing,Shoes,230.33,2,No
TX100030,Emily Garcia,Los Angeles,Beauty,Lipstick,115.54,2,Yes
TX100031,Jane Lopez,Chicago,Clothing,Jeans,181.81,3,No
TX100032,Jane Lopez,Houston,Beauty,Conditioner,136.61,3,No
TX100033,Emily Davis,Phoenix,Home,Curtains,417.83,1,No
TX100034,Michael Martinez,Los Angeles,Home,Sofa,390.67,1,No
TX100035,Laura Jones,Chicago,Home,Table,75.02,5,No
TX100036,Jane Jones,Los Angeles,Home,Table,53.1,1,Yes
TX100037,Laura Lopez,Houston,Home,Sofa,145.6,1,No
TX100038,David Martinez,Los Angeles,Clothing,Dress,205.79,1,No
TX100039,John Martinez,New York,Home,Sofa,235.04,1,No
TX100040,Michael Martinez,Chicago,Electronics,Tablet,521.93,1,No
TX100041,Laura Smith,Los Angeles,Electronics,Headphones,907.67,3,No
TX100042,Laura Davis,Houston,Clothing,T-shirt,270.76,2,No
TX100043,Alex Smith,Houston,Beauty,Conditioner,137.28,2,No
TX100044,Laura Williams,Los Angeles,Electronics,Camera,451.1,2,Yes
TX100045,Alex Smith,Houston,Beauty,Perfume,106.75,2,No
TX100046,Chris Lopez,Phoenix,Clothing,Jeans,96.06,4,No
TX100047,Michael Lopez,Phoenix,Beauty,Conditioner,36.69,4,No
TX100048,David Miller,Phoenix,Beauty,Lipstick,35.85,1,No
TX100049,David Davis,New York,Beauty,Moisturizer,57.9,3,No
TX100050,Jane Smith,Los Angeles,Beauty,Moisturizer,70.19,2,No
TX100051,Michael Miller,New York,Clothing,T-shirt,252.67,5,No
TX100052,Laura Jones,Houston,Electronics,Tablet,295.91,1,No
TX100053,Alex Davis,New York,Home,Sofa,380.72,5,No
TX100054,Katie Williams,Houston,Beauty,Conditioner,84.4,3,No
TX100055,John Williams,Houston,Electronics,Camera,430.36,1,Yes
TX100056,Chris Williams,Chicago,Electronics,Smartphone,594.26,1,No
TX100057,John Jones,Phoenix,Clothing,Jacket,103.98,5,No
TX100058,Sarah Miller,Houston,Electronics,Laptop,676.87,3,No
TX100059,Michael Martinez,Chicago,Clothing,Jeans,141.48,1,Yes
TX100060,Sarah Lopez,Phoenix,Beauty,Moisturizer,33.02,3,No
TX100061,Alex Miller,Houston,Beauty,Perfume,26.32,2,No
TX100062,John Brown,Houston,Home,Lamp,296.01,1,No
TX100063,Emily Jones,New York,Home,Lamp,456.09,1,No
TX100064,Michael Miller,New York,Home,Table,204.78,1,No
TX100065,Emily Miller,Phoenix,Electronics,Laptop,786.4,3,No
TX100066,Alex Garcia,Houston,Beauty,Lipstick,102.21,2,Yes
TX100067,Jane Lopez,Los Angeles,Clothing,T-shirt,280.84,4,No
TX100068,David Jones,New York,Home,Sofa,419.44,1,No
TX100069,Katie Brown,Phoenix,Clothing,Dress,178.65,2,Yes
TX100070,Sarah Miller,Houston,Clothing,T-shirt,203.97,1,No
TX100071,David Miller,Houston,Home,Table,454.27,1,No
TX100072,John Smith,Los Angeles,Beauty,Conditioner,65.93,1,No
TX100073,David Martinez,Phoenix,Home,Curtains,197.06,1,No
TX100074,Emily Martinez,Houston,Clothing,T-shirt,23.03,2,No
TX100075,Alex Miller,New York,Home,Lamp,421.95,1,Yes
TX100076,Katie Davis,Los Angeles,Clothing,T-shirt,244.27,2,Yes
TX100077,David Jones,Phoenix,Clothing,Jacket,49.25,2,No
TX100078,John Williams,Los Angeles,Home,Sofa,309.59,3,No
TX100079,Sarah Davis,New York,Electronics,Smartphone,571.19,4,No
TX100080,Katie Davis,Phoenix,Home,Lamp,103.42,1,No
TX100081,David Brown,Los Angeles,Electronics,Laptop,984.45,1,No
TX100082,John Smith,Chicago,Clothing,Jacket,80.11,1,No
TX100083,Sarah Brown,New York,Clothing,T-shirt,38.83,5,No
TX100084,Michael Johnson,New York,Electronics,Laptop,675.88,1,No
TX100085,Alex Smith,New York,Clothing,Shoes,226.88,1,No
TX100086,Chris Smith,Chicago,Electronics,Smartphone,225.95,1,No
TX100087,Laura Smith,Chicago,Electronics,Smartphone,726.97,1,No
TX100088,John Johnson,Houston,Clothing,Jeans,169.04,1,Yes
TX100089,Jane Garcia,Los Angeles,Beauty,Moisturizer,24.46,3,No
TX100090,Michael Jones,Houston,Electronics,Smartphone,338.02,1,No
TX100091,John Smith,Los Angeles,Home,Curtains,305.59,2,Yes
TX100092,Alex Johnson,Chicago,Home,Lamp,183.36,1,No
TX100093,Chris Lopez,Chicago,Clothing,Shoes,282.73,1,Yes
TX100094,Katie Miller,Houston,Beauty,Shampoo,124.62,5,No
TX100095,Emily Miller,Phoenix,Clothing,Dress,295.4,1,No
TX100096,Laura Smith,Houston,Beauty,Conditioner,46.35,4,No
TX100097,Katie Davis,Los Angeles,Electronics,Tablet,975.78,1,Yes
TX100098,Chris Brown,Houston,Electronics,Smartphone,544.99,1,No
TX100099,Jane Garcia,New York,Electronics,Smartphone,478.02,5,No
TX100100,Katie Smith,Los Angeles,Electronics,Headphones,240.28,1,No
TX100101,David Garcia,Los Angeles,Home,Curtains,73.74,3,No
TX100102,Alex Brown,Phoenix,Home,Lamp,361.41,1,Yes
TX100103,Emily Williams,Chicago,Clothing,T-shirt,148.22,4,No
TX100104,Sarah Williams,Los Angeles,Beauty,Moisturizer,41.71,1,No
TX100105,Alex Brown,Chicago,Electronics,Laptop,691.18,1,No
TX100106,Michael Brown,Houston,Electronics,Headphones,402.29,2,Yes
TX100107,David Smith,New York,Beauty,Shampoo,90.87,5,Yes
TX100108,Laura Miller,Phoenix,Beauty,Perfume,60.29,5,Yes
TX100109,Jane Davis,Chicago,Clothing,T-shirt,250.59,4,No
TX100110,John Martinez,Los Angeles,Beauty,Moisturizer,124.9,4,No
TX100111,David Johnson,Chicago,Electronics,Tablet,581.88,1,No
TX100112,Michael Lopez,Los Angeles,Electronics,Headphones,480.66,1,No
TX100113,Alex Miller,Chicago,Electronics,Tablet,490.05,1,No
TX100114,Sarah Martinez,Los Angeles,Electronics,Laptop,844.57,1,No
TX100115,Emily Smith,Houston,Electronics,Smartphone,462.54,1,No
TX100116,Jane Smith,Los Angeles,Clothing,Jeans,78.54,2,Yes
TX100117,Chris Jones,Los Angeles,Electronics,Camera,267.75,1,No
TX100118,Michael Martinez,New York,Clothing,Dress,150.67,3,No
TX100119,David Williams,Los Angeles,Electronics,Tablet,585.71,1,Yes
TX100120,Alex Williams,New York,Home,Curtains,428.41,1,No
TX100121,Emily Davis,Phoenix,Home,Table,149.56,1,No
TX100122,Katie Davis,New York,Home,Lamp,221.45,2,No
TX100123,John Davis,Houston,Home,Lamp,413.78,2,No
TX100124,Emily Smith,New York,Clothing,T-shirt,250.61,3,No
TX100125,Laura Brown,Phoenix,Clothing,Jacket,127.69,1,No
TX100126,Katie Davis,Houston,Beauty,Conditioner,74.28,2,No
TX100127,Emily Williams,Chicago,Electronics,Smartphone,442.63,1,No
TX100128,David Williams,Chicago,Home,Curtains,469.65,1,No
TX100129,David Johnson,New York,Clothing,Jacket,53.22,2,No
TX100130,Jane Johnson,New York,Electronics,Camera,947.0,1,No
TX100131,Katie Williams,Phoenix,Electronics,Tablet,747.09,1,No
TX100132,David Brown,Phoenix,Clothing,Jacket,168.84,5,No
TX100133,John Brown,Los Angeles,Home,Sofa,64.7,5,Yes
TX100134,John Jones,Phoenix,Beauty,Moisturizer,76.58,2,Yes
TX100135,Emily Davis,Los Angeles,Electronics,Tablet,526.2,1,Yes
TX100136,Laura Miller,Houston,Beauty,Perfume,32.57,1,No
TX100137,Alex Smith,New York,Home,Lamp,345.38,1,No
TX100138,John Williams,Houston,Home,Sofa,487.02,4,No
TX100139,Katie Miller,Phoenix,Beauty,Shampoo,88.71,1,No
TX100140,Katie Garcia,Houston,Home,Sofa,371.64,2,No
TX100141,Katie Williams,Houston,Electronics,Laptop,254.76,1,No
TX100142,Katie Davis,Houston,Beauty,Moisturizer,68.47,5,Yes
TX100143,Jane Jones,Phoenix,Home,Lamp,102.36,1,No
TX100144,John Smith,Houston,Beauty,Conditioner,95.79,3,No
TX100145,Chris Williams,Los Angeles,Electronics,Tablet,950.79,1,No
TX100146,Emily Williams,Phoenix,Home,Chair,347.8,2,No
TX100147,John Smith,Houston,Electronics,Tablet,261.44,1,No
TX100148,Chris Garcia,Phoenix,Home,Table,209.6,1,Yes
TX100149,Alex Martinez,Chicago,Clothing,Jeans,174.19,5,Yes
TX100150,Chris Davis,Los Angeles,Home,Sofa,231.44,4,Yes
TX100151,John Jones,Houston,Beauty,Shampoo,126.71,4,No
TX100152,Alex Smith,Chicago,Home,Lamp,416.6,2,No
TX100153,Emily Jones,Chicago,Electronics,Smartphone,689.46,3,No
TX100154,Michael Smith,Phoenix,Electronics,Headphones,498.77,1,Yes
TX100155,Alex Johnson,Chicago,Home,Curtains,164.9,1,No
TX100156,David Lopez,Los Angeles,Beauty,Moisturizer,24.82,2,No
TX100157,Katie Lopez,Los Angeles,Clothing,Shoes,119.37,3,No
TX100158,Alex Davis,New York,Beauty,Moisturizer,67.84,2,No
TX100159,Laura Johnson,Los Angeles,Clothing,Dress,209.23,1,No
TX100160,Katie Miller,Chicago,Electronics,Smartphone,726.53,1,No
TX100161,Jane Lopez,Los Angeles,Beauty,Lipstick,19.82,4,No
TX100162,Jane Lopez,Phoenix,Clothing,Shoes,130.67,2,No
TX100163,John Davis,New York,Home,Lamp,131.8,1,No
TX100164,John Martinez,Chicago,Electronics,Headphones,325.45,1,No
TX100165,Katie Miller,New York,Home,Curtains,422.29,1,No
TX100166,Sarah Miller,Chicago,Electronics,Tablet,233.53,1,No
TX100167,Sarah Williams,Phoenix,Beauty,Lipstick,68.69,3,No
TX100168,Jane Martinez,New York,Beauty,Perfume,33.55,3,No
TX100169,Laura Lopez,Houston,Electronics,Smartphone,903.46,2,No
TX100170,Michael Martinez,Chicago,Electronics,Tablet,645.63,1,No
TX100171,Emily Brown,Houston,Electronics,Camera,385.1,3,No
TX100172,John Davis,New York,Beauty,Moisturizer,80.34,1,No
TX100173,Alex Miller,Houston,Clothing,Jeans,224.82,2,No
TX100174,Jane Johnson,Houston,Home,Sofa,481.15,3,No
TX100175,Michael Garcia,New York,Home,Lamp,149.2,1,No
TX100176,Alex Martinez,Phoenix,Beauty,Conditioner,134.07,1,No
TX100177,Sarah Garcia,Houston,Home,Sofa,470.44,3,No
TX100178,Sarah Lopez,Houston,Electronics,Tablet,933.14,1,No
TX100179,Katie Smith,Phoenix,Clothing,Shoes,197.92,3,No
TX100180,Emily Lopez,Houston,Home,Sofa,333.42,1,No
TX100181,Katie Garcia,Houston,Clothing,Shoes,132.9,3,No
TX100182,Chris Smith,Houston,Electronics,Laptop,801.92,1,No
TX100183,Laura Jones,Los Angeles,Home,Chair,289.08,1,No
TX100184,Chris Miller,Phoenix,Beauty,Lipstick,104.84,3,No
TX100185,Emily Garcia,Houston,Clothing,T-shirt,139.97,1,Yes
TX100186,Emily Williams,Phoenix,Electronics,Laptop,785.2,1,No
TX100187,Michael Davis,Chicago,Clothing,Shoes,250.85,1,No
TX100188,Emily Johnson,Chicago,Home,Chair,115.9,1,No
TX100189,Sarah Williams,Houston,Home,Lamp,424.82,1,No
TX100190,John Davis,Phoenix,Beauty,Perfume,85.64,1,No
TX100191,Alex Lopez,Phoenix,Electronics,Laptop,875.73,4,No
TX100192,Michael Lopez,Phoenix,Electronics,Camera,545.04,1,No
TX100193,Chris Lopez,Los Angeles,Beauty,Shampoo,63.07,2,No
TX100194,Chris Miller,Chicago,Beauty,Lipstick,138.11,1,Yes
TX100195,David Jones,Phoenix,Electronics,Camera,400.94,1,No
TX100196,John Lopez,Phoenix,Clothing,Jeans,256.38,5,Yes
TX100197,Sarah Smith,Los Angeles,Clothing,Jeans,155.53,1,No
TX100198,Jane Garcia,Los Angeles,Beauty,Shampoo,81.97,5,No
TX100199,David Davis,Phoenix,Clothing,T-shirt,106.37,1,No
TX100200,Chris Smith,New York,Electronics,Smartphone,658.43,2,No
TX100201,Michael Jones,Phoenix,Home,Table,196.35,1,Yes
TX100202,Katie Miller,Phoenix,Home,Lamp,67.67,3,No
TX100203,Alex Lopez,Los Angeles,Clothing,Dress,96.16,2,No
TX100204,Alex Jones,Los Angeles,Beauty,Moisturizer,10.89,2,No
TX100205,Katie Martinez,Phoenix,Beauty,Moisturizer,146.97,1,No
TX100206,Chris Smith,Phoenix,Beauty,Perfume,145.2,1,No
TX100207,Emily Jones,Phoenix,Beauty,Perfume,65.32,5,Yes
TX100208,Sarah Lopez,Los Angeles,Beauty,Lipstick,111.97,2,No
TX100209,Chris Miller,Phoenix,Clothing,Jacket,116.83,2,No
TX100210,Emily Smith,Phoenix,Home,Chair,351.99,2,No
TX100211,Chris Miller,Houston,Home,Sofa,412.44,1,No
TX100212,Sarah Lopez,New York,Clothing,Jeans,285.09,5,Yes
TX100213,Katie Jones,Chicago,Beauty,Perfume,66.03,3,No
TX100214,Emily Johnson,New York,Clothing,Jacket,239.32,2,Yes
TX100215,Emily Lopez,Houston,Home,Table,169.67,3,No
TX100216,Sarah Williams,Chicago,Electronics,Camera,992.27,1,No
TX100217,Sarah Smith,Phoenix,Clothing,Dress,27.22,1,No
TX100218,Laura Jones,Houston,Beauty,Moisturizer,94.49,2,No
TX100219,Emily Davis,Phoenix,Home,Lamp,346.78,1,No
TX100220,Michael Johnson,Los Angeles,Home,Sofa,359.62,2,No
TX100221,John Brown,Houston,Home,Sofa,104.17,4,No
TX100222,Laura Johnson,Los Angeles,Home,Table,472.34,1,Yes
TX100223,Alex Smith,Houston,Beauty,Shampoo,35.37,2,No
TX100224,John Williams,Houston,Electronics,Tablet,698.2,5,No
TX100225,Chris Williams,Los Angeles,Home,Chair,150.2,1,No
TX100226,John Smith,Chicago,Clothing,Shoes,106.02,2,No
TX100227,Laura Lopez,New York,Electronics,Laptop,637.17,1,No
TX100228,Jane Williams,Phoenix,Home,Table,237.74,4,No
TX100229,Jane Williams,Houston,Electronics,Tablet,328.18,1,No
TX100230,Michael Smith,Phoenix,Clothing,Jeans,67.86,3,No
TX100231,Sarah Davis,Los Angeles,Home,Lamp,238.17,3,No
TX100232,Sarah Lopez,Phoenix,Clothing,T-shirt,232.04,2,No
TX100233,Sarah Johnson,Los Angeles,Beauty,Lipstick,135.72,2,No
TX100234,Alex Martinez,Phoenix,Home,Table,87.86,3,Yes
TX100235,Michael Brown,New York,Home,Sofa,226.9,1,No
TX100236,Sarah Jones,New York,Home,Table,95.11,2,No
TX100237,Jane Davis,New York,Home,Sofa,57.47,4,No
TX100238,Emily Martinez,New York,Beauty,Perfume,102.64,3,No
TX100239,Chris Martinez,New York,Home,Curtains,321.1,2,Yes
TX100240,Emily Lopez,New York,Electronics,Headphones,330.42,3,No
TX100241,Chris Martinez,Los Angeles,Home,Lamp,155.22,3,No
TX100242,Laura Williams,Houston,Beauty,Moisturizer,13.32,2,Yes
TX100243,John Williams,Phoenix,Home,Chair,425.73,1,Yes
TX100244,Emily Johnson,New York,Electronics,Smartphone,979.75,1,No
TX100245,John Miller,Los Angeles,Beauty,Perfume,28.96,3,No
TX100246,Laura Miller,Los Angeles,Beauty,Conditioner,42.41,2,Yes
TX100247,Chris Smith,Los Angeles,Electronics,Tablet,894.73,2,No
TX100248,Michael Miller,Houston,Electronics,Tablet,941.17,1,No
TX100249,David Williams,Phoenix,Electronics,Camera,535.7,2,No
TX100250,David Smith,Houston,Electronics,Tablet,240.5,1,No
TX100251,John Brown,Chicago,Electronics,Headphones,231.51,2,No
TX100252,David Garcia,Los Angeles,Beauty,Perfume,90.35,2,No
TX100253,Alex Smith,Chicago,Beauty,Lipstick,65.01,1,No
TX100254,Emily Martinez,New York,Home,Curtains,62.89,1,No
TX100255,Alex Martinez,New York,Home,Sofa,312.46,2,No
TX100256,Michael Brown,Houston,Clothing,T-shirt,23.16,2,No
TX100257,Alex Lopez,Phoenix,Home,Lamp,404.32,1,No
TX100258,Chris Jones,Chicago,Home,Curtains,187.89,5,No
TX100259,Alex Martinez,Phoenix,Electronics,Headphones,232.21,2,Yes
TX100260,Emily Jones,Houston,Electronics,Smartphone,670.68,5,No
TX100261,Emily Jones,New York,Home,Lamp,228.96,1,No
TX100262,Michael Martinez,Phoenix,Clothing,Dress,292.66,2,No
TX100263,Michael Jones,Phoenix,Electronics,Tablet,635.36,3,No
TX100264,Sarah Lopez,New York,Home,Lamp,173.86,1,No
TX100265,Michael Lopez,Chicago,Home,Chair,369.25,2,No
TX100266,Chris Williams,New York,Beauty,Shampoo,48.01,1,No
TX100267,Michael Johnson,Phoenix,Clothing,T-shirt,273.19,2,No
TX100268,David Lopez,Chicago,Beauty,Conditioner,62.46,1,Yes
TX100269,Sarah Smith,Chicago,Clothing,Jeans,173.96,1,Yes
TX100270,Katie Miller,New York,Electronics,Smartphone,240.46,1,No
TX100271,Laura Lopez,Phoenix,Clothing,Jeans,139.31,1,No
TX100272,David Johnson,Houston,Home,Chair,424.56,5,No
TX100273,Sarah Johnson,Phoenix,Home,Table,412.54,1,Yes
TX100274,Chris Jones,Los Angeles,Clothing,Jeans,82.81,3,No
TX100275,Katie Williams,Houston,Clothing,Jacket,83.3,4,Yes
TX100276,Laura Smith,Chicago,Clothing,Dress,248.85,2,Yes
TX100277,Katie Brown,Houston,Beauty,Moisturizer,140.26,1,Yes
TX100278,John Miller,Chicago,Clothing,Shoes,46.7,3,No
TX100279,David Brown,Chicago,Electronics,Smartphone,560.05,2,No
TX100280,Emily Garcia,Houston,Beauty,Shampoo,57.24,3,No
TX100281,Alex Garcia,Chicago,Beauty,Shampoo,131.9,3,No
TX100282,Michael Lopez,Chicago,Clothing,Shoes,43.39,5,Yes
TX100283,Sarah Williams,Los Angeles,Electronics,Tablet,368.9,1,No
TX100284,Michael Williams,Phoenix,Beauty,Lipstick,115.35,2,No
TX100285,Jane Lopez,Phoenix,Home,Table,73.08,2,No
TX100286,Emily Davis,Los Angeles,Beauty,Perfume,78.95,1,Yes
TX100287,David Miller,Houston,Clothing,Jacket,143.79,4,No
TX100288,John Williams,New York,Electronics,Headphones,467.52,1,No
TX100289,David Smith,New York,Clothing,T-shirt,130.48,2,No
TX100290,David Davis,New York,Home,Table,288.47,3,No
TX100291,John Garcia,Los Angeles,Home,Lamp,122.62,1,Yes
TX100292,Chris Garcia,Los Angeles,Home,Lamp,307.4,1,No
TX100293,Sarah Jones,Chicago,Clothing,Jeans,245.52,2,Yes
TX100294,Katie Jones,New York,Beauty,Perfume,116.42,4,No
TX100295,Chris Brown,Houston,Clothing,Dress,63.09,2,No
TX100296,Alex Williams,Houston,Electronics,Camera,319.4,3,Yes
TX100297,Emily Martinez,New York,Beauty,Lipstick,47.54,1,No
TX100298,Jane Martinez,New York,Home,Curtains,212.48,2,No
TX100299,John Smith,New York,Clothing,Dress,134.37,4,Yes
TX100300,Chris Garcia,Los Angeles,Home,Lamp,355.86,1,No
TX100301,Katie Williams,Los Angeles,Home,Lamp,75.51,1,No
TX100302,Michael Martinez,Los Angeles,Electronics,Camera,227.74,1,No
TX100303,Sarah Davis,Phoenix,Beauty,Moisturizer,64.87,3,No
TX100304,Katie Davis,Houston,Electronics,Laptop,757.73,1,No
TX100305,Chris Davis,Houston,Electronics,Tablet,354.75,2,No
TX100306,Sarah Brown,Chicago,Electronics,Camera,713.2,1,No
TX100307,Sarah Davis,Los Angeles,Home,Chair,166.92,1,No
TX100308,Sarah Johnson,Phoenix,Electronics,Tablet,908.87,1,Yes
TX100309,Chris Martinez,Phoenix,Electronics,Laptop,916.55,1,No
TX100310,Emily Garcia,Houston,Beauty,Lipstick,51.62,2,No
TX100311,John Martinez,Los Angeles,Beauty,Moisturizer,42.2,4,Yes
TX100312,John Jones,Chicago,Electronics,Laptop,529.04,2,No
TX100313,Emily Williams,Los Angeles,Beauty,Perfume,43.67,2,No
TX100314,Katie Johnson,New York,Beauty,Perfume,104.13,5,No
TX100315,Alex Jones,Los Angeles,Electronics,Tablet,860.85,2,Yes
TX100316,David Johnson,New York,Home,Sofa,352.89,4,Yes
TX100317,Sarah Davis,New York,Electronics,Tablet,859.48,1,No
TX100318,Jane Jones,Chicago,Beauty,Conditioner,65.58,1,No
TX100319,Michael Davis,Houston,Home,Table,120.34,1,Yes
TX100320,John Garcia,Los Angeles,Clothing,Jeans,226.63,3,No
TX100321,John Johnson,New York,Home,Lamp,212.21,1,Yes
TX100322,John Jones,Los Angeles,Beauty,Moisturizer,103.98,2,No
TX100323,Sarah Martinez,Houston,Home,Table,171.79,1,No
TX100324,Katie Smith,Houston,Electronics,Laptop,264.98,1,No
TX100325,John Johnson,Phoenix,Clothing,T-shirt,297.92,3,No
TX100326,David Williams,Houston,Clothing,T-shirt,63.74,1,No
TX100327,John Jones,Chicago,Clothing,Shoes,296.76,2,No
TX100328,Michael Garcia,New York,Beauty,Moisturizer,146.82,3,No
TX100329,John Jones,Phoenix,Beauty,Lipstick,121.13,5,No
TX100330,Chris Garcia,Chicago,Clothing,T-shirt,204.64,3,Yes
TX100331,Alex Jones,Los Angeles,Home,Sofa,310.01,4,No
TX100332,Michael Jones,New York,Clothing,Dress,262.51,3,No
TX100333,Chris Jones,Houston,Home,Lamp,180.25,1,Yes
TX100334,Sarah Lopez,New York,Home,Curtains,260.46,1,No
TX100335,Alex Smith,Los Angeles,Beauty,Lipstick,96.71,3,Yes
TX100336,Chris Martinez,Phoenix,Home,Chair,235.04,2,No
TX100337,John Williams,Phoenix,Clothing,Jacket,139.7,3,No
TX100338,Emily Smith,Phoenix,Beauty,Conditioner,56.24,2,Yes
TX100339,John Davis,Houston,Electronics,Laptop,651.39,1,No
TX100340,Jane Davis,Chicago,Electronics,Camera,880.46,1,No
TX100341,Michael Lopez,Chicago,Beauty,Perfume,38.21,2,No
TX100342,Sarah Johnson,New York,Clothing,Jacket,281.64,1,No
TX100343,Katie Garcia,Houston,Electronics,Tablet,751.27,3,No
TX100344,Alex Johnson,Phoenix,Electronics,Headphones,858.62,1,No
TX100345,John Garcia,Phoenix,Home,Chair,300.29,1,No
TX100346,Chris Martinez,Los Angeles,Home,Sofa,400.78,1,No
TX100347,John Miller,Los Angeles,Clothing,Jeans,24.54,3,No
TX100348,Chris Jones,Phoenix,Beauty,Shampoo,124.57,2,No
TX100349,Jane Williams,Phoenix,Clothing,Jacket,31.24,1,No
TX100350,Michael Garcia,Houston,Beauty,Conditioner,134.59,2,No
TX100351,Jane Garcia,Chicago,Electronics,Headphones,993.57,1,No
TX100352,Jane Johnson,Los Angeles,Home,Chair,182.33,4,No
TX100353,Jane Williams,Chicago,Clothing,Jeans,78.89,5,No
TX100354,Jane Brown,Houston,Clothing,Jacket,234.3,2,No
TX100355,David Garcia,Phoenix,Beauty,Perfume,45.42,2,No
TX100356,John Davis,Chicago,Beauty,Lipstick,131.18,3,No
TX100357,Michael Lopez,Phoenix,Clothing,Shoes,48.8,1,No
TX100358,Alex Smith,Phoenix,Beauty,Shampoo,27.63,2,No
TX100359,Chris Brown,New York,Clothing,Shoes,294.16,2,No
TX100360,Sarah Davis,Chicago,Clothing,Jacket,208.67,5,Yes
TX100361,John Lopez,Chicago,Clothing,Dress,257.13,1,No
TX100362,John Brown,Phoenix,Electronics,Headphones,459.46,1,No
TX100363,Laura Jones,Houston,Beauty,Lipstick,104.71,3,No
TX100364,Jane Garcia,New York,Home,Table,317.41,1,Yes
TX100365,Chris Johnson,Phoenix,Home,Chair,321.42,1,No
TX100366,Alex Martinez,Los Angeles,Beauty,Lipstick,105.55,5,No
TX100367,Michael Miller,Los Angeles,Clothing,T-shirt,181.1,2,Yes
TX100368,Katie Davis,New York,Home,Curtains,243.08,2,No
TX100369,Emily Davis,Houston,Home,Curtains,174.17,1,No
TX100370,Emily Davis,Phoenix,Beauty,Conditioner,117.6,2,No
TX100371,David Williams,Chicago,Home,Lamp,151.82,1,No
TX100372,Alex Johnson,New York,Clothing,Jeans,213.86,1,No
TX100373,Sarah Williams,Houston,Beauty,Shampoo,42.67,1,No
TX100374,Alex Jones,Chicago,Clothing,Shoes,195.09,4,No
TX100375,Chris Johnson,Los Angeles,Home,Chair,386.19,1,No
TX100376,Sarah Garcia,Los Angeles,Home,Table,148.42,1,No
TX100377,Chris Garcia,Chicago,Clothing,Shoes,36.78,2,No
TX100378,John Jones,New York,Electronics,Headphones,304.78,2,No
TX100379,David Lopez,Los Angeles,Home,Table,322.7,1,No
TX100380,Jane Smith,Phoenix,Electronics,Tablet,879.56,1,No
TX100381,Sarah Martinez,Chicago,Home,Sofa,70.25,1,Yes
TX100382,Sarah Martinez,Chicago,Electronics,Camera,787.32,1,No
TX100383,David Garcia,Los Angeles,Electronics,Smartphone,473.05,1,No
TX100384,Laura Smith,New York,Electronics,Headphones,582.82,3,No
TX100385,Sarah Brown,Phoenix,Clothing,Dress,280.08,1,No
TX100386,John Davis,New York,Electronics,Headphones,465.58,1,No
TX100387,John Williams,Houston,Electronics,Tablet,572.27,1,No
TX100388,Emily Davis,Houston,Electronics,Laptop,210.95,3,Yes
TX100389,Katie Lopez,Los Angeles,Home,Lamp,86.72,1,No
TX100390,Michael Davis,Los Angeles,Electronics,Camera,406.87,1,Yes
TX100391,Jane Lopez,Los Angeles,Home,Curtains,62.53,1,No
TX100392,Laura Williams,Houston,Electronics,Laptop,705.1,1,No
TX100393,Michael Williams,New York,Electronics,Headphones,541.12,1,No
TX100394,Michael Johnson,New York,Clothing,T-shirt,173.48,2,No
TX100395,Sarah Garcia,Los Angeles,Home,Curtains,128.59,1,No
TX100396,Alex Williams,Phoenix,Electronics,Camera,436.75,1,Yes
TX100397,David Miller,New York,Home,Sofa,348.72,1,Yes
TX100398,Chris Lopez,Houston,Home,Chair,484.39,1,No
TX100399,Michael Martinez,Chicago,Beauty,Lipstick,17.06,1,Yes
TX100400,John Miller,Chicago,Clothing,Jeans,269.31,3,Yes
TX100401,Katie Lopez,Chicago,Clothing,Jeans,181.53,5,No
TX100402,David Smith,Phoenix,Clothing,T-shirt,177.9,5,No
TX100403,Emily Martinez,Los Angeles,Beauty,Lipstick,80.04,4,No
TX100404,Emily Lopez,Houston,Beauty,Conditioner,19.72,3,No
TX100405,Alex Martinez,Phoenix,Clothing,Shoes,45.17,3,No
TX100406,Jane Brown,Houston,Beauty,Lipstick,94.13,1,No
TX100407,Katie Johnson,Houston,Beauty,Moisturizer,57.73,3,No
TX100408,Laura Davis,Los Angeles,Beauty,Conditioner,138.42,2,No
TX100409,John Williams,Chicago,Clothing,Jacket,133.85,2,No
TX100410,Sarah Martinez,Los Angeles,Clothing,T-shirt,60.12,3,No
TX100411,Chris Garcia,Phoenix,Clothing,Shoes,220.12,1,No
TX100412,Emily Lopez,Phoenix,Beauty,Perfume,51.07,2,Yes
TX100413,Jane Davis,Phoenix,Clothing,T-shirt,167.13,5,Yes
TX100414,Katie Jones,Los Angeles,Beauty,Shampoo,107.7,1,Yes
TX100415,David Smith,Houston,Electronics,Tablet,920.21,1,No
TX100416,Chris Garcia,Houston,Beauty,Lipstick,120.91,5,No
TX100417,Chris Garcia,New York,Home,Lamp,354.36,2,No
TX100418,Katie Miller,Phoenix,Clothing,Shoes,210.3,2,No
TX100419,Emily Davis,Houston,Clothing,Shoes,284.86,1,No
TX100420,Michael Martinez,New York,Home,Curtains,183.12,1,Yes
TX100421,Michael Williams,Houston,Beauty,Shampoo,10.16,4,No
TX100422,Alex Davis,Phoenix,Electronics,Camera,417.56,1,No
TX100423,Chris Brown,Chicago,Home,Lamp,148.05,1,No
TX100424,Laura Garcia,Phoenix,Home,Curtains,347.83,1,No
TX100425,Jane Brown,Los Angeles,Beauty,Perfume,98.72,1,Yes
TX100426,Emily Garcia,Houston,Clothing,Shoes,186.17,5,Yes
TX100427,Katie Smith,Houston,Beauty,Shampoo,12.27,2,Yes
TX100428,Laura Garcia,Los Angeles,Home,Chair,377.95,2,No
TX100429,Alex Martinez,Los Angeles,Home,Lamp,195.59,1,No
TX100430,Jane Davis,Chicago,Clothing,T-shirt,206.22,3,No
TX100431,Sarah Williams,Houston,Clothing,Jacket,175.84,5,No
TX100432,Chris Garcia,Houston,Clothing,Jeans,115.96,2,No
TX100433,Sarah Garcia,Chicago,Beauty,Moisturizer,28.84,1,No
TX100434,Emily Williams,New York,Clothing,Jeans,46.44,2,Yes
TX100435,Emily Smith,Chicago,Home,Chair,424.18,2,No
TX100436,Emily Smith,Phoenix,Home,Sofa,463.28,1,No
TX100437,John Lopez,Houston,Electronics,Tablet,719.83,3,Yes
TX100438,Katie Jones,Los Angeles,Beauty,Shampoo,24.48,3,No
TX100439,Emily Williams,Phoenix,Electronics,Laptop,521.62,3,No
TX100440,John Garcia,Houston,Home,Lamp,378.02,2,No
TX100441,Jane Davis,Chicago,Electronics,Laptop,823.86,1,No
TX100442,Sarah Jones,Phoenix,Home,Sofa,103.2,1,No
TX100443,Michael Lopez,Houston,Electronics,Tablet,200.02,1,No
TX100444,Jane Davis,New York,Clothing,Jacket,219.4,5,Yes
TX100445,Jane Brown,New York,Electronics,Headphones,485.28,2,Yes
TX100446,John Jones,Los Angeles,Clothing,Jacket,91.25,3,Yes
TX100447,David Smith,Houston,Clothing,Shoes,23.61,2,Yes
TX100448,David Davis,New York,Beauty,Lipstick,85.64,1,No
TX100449,Katie Miller,Chicago,Clothing,T-shirt,258.32,3,No
TX100450,Alex Smith,Houston,Clothing,T-shirt,288.14,2,Yes
TX100451,Chris Johnson,Chicago,Electronics,Tablet,652.6,1,No
TX100452,Chris Davis,Chicago,Home,Table,281.51,2,Yes
TX100453,David Johnson,New York,Beauty,Perfume,21.91,1,No
TX100454,Alex Williams,Houston,Clothing,Jeans,173.68,2,No
TX100455,John Davis,Phoenix,Beauty,Lipstick,63.2,2,No
TX100456,Katie Davis,New York,Electronics,Camera,685.71,1,No
TX100457,David Jones,New York,Clothing,Jeans,128.84,5,No
TX100458,Alex Jones,Houston,Electronics,Laptop,392.24,1,No
TX100459,Chris Jones,Houston,Beauty,Moisturizer,23.3,1,No
TX100460,Alex Lopez,Chicago,Electronics,Camera,451.93,1,Yes
TX100461,Emily Martinez,Houston,Beauty,Lipstick,23.53,3,Yes
TX100462,Sarah Martinez,Chicago,Electronics,Laptop,341.52,1,Yes
TX100463,Jane Davis,New York,Beauty,Conditioner,148.23,2,No
TX100464,Laura Miller,Los Angeles,Home,Curtains,249.85,1,Yes
TX100465,Laura Williams,Phoenix,Electronics,Smartphone,625.5,1,No
TX100466,Katie Smith,New York,Electronics,Camera,898.89,1,No
TX100467,Michael Smith,Houston,Home,Curtains,498.01,3,No
TX100468,David Smith,Phoenix,Home,Curtains,312.22,3,No
TX100469,John Miller,Los Angeles,Electronics,Laptop,849.98,1,Yes
TX100470,Jane Jones,Los Angeles,Home,Lamp,197.12,1,Yes
TX100471,Laura Davis,Chicago,Clothing,Shoes,105.61,5,No
TX100472,Alex Miller,Phoenix,Beauty,Conditioner,66.38,2,No
TX100473,Alex Garcia,Chicago,Beauty,Perfume,104.15,4,No
TX100474,Katie Williams,New York,Beauty,Lipstick,105.51,1,Yes
TX100475,Michael Williams,Phoenix,Clothing,Jacket,108.27,5,No
TX100476,Laura Lopez,New York,Home,Chair,109.94,2,Yes
TX100477,Emily Smith,Chicago,Home,Lamp,334.58,4,No
TX100478,Emily Miller,Phoenix,Electronics,Camera,302.66,2,No
TX100479,Emily Garcia,Chicago,Home,Lamp,310.32,1,No
TX100480,David Smith,Phoenix,Electronics,Smartphone,754.74,4,Yes
TX100481,Chris Miller,Chicago,Clothing,T-shirt,216.17,1,Yes
TX100482,John Brown,Los Angeles,Beauty,Moisturizer,115.49,2,No
TX100483,Katie Johnson,Chicago,Beauty,Lipstick,132.2,3,No
TX100484,Sarah Jones,Los Angeles,Beauty,Moisturizer,79.99,3,No
TX100485,Sarah Smith,Chicago,Home,Curtains,378.61,4,No
TX100486,Katie Garcia,Phoenix,Electronics,Tablet,695.34,1,No
TX100487,Emily Davis,Phoenix,Electronics,Camera,349.31,2,Yes
TX100488,Emily Davis,Phoenix,Clothing,Shoes,27.19,3,No
TX100489,Laura Jones,Houston,Home,Table,178.04,1,No
TX100490,Emily Johnson,New York,Clothing,Jeans,144.05,2,No
TX100491,Alex Williams,Phoenix,Electronics,Headphones,693.68,1,Yes
TX100492,Emily Brown,Los Angeles,Electronics,Smartphone,879.97,1,No
TX100493,Sarah Jones,Phoenix,Beauty,Shampoo,37.47,5,No
TX100494,Emily Lopez,Houston,Home,Lamp,106.5,2,No
TX100495,Laura Garcia,Los Angeles,Electronics,Smartphone,970.78,2,No
TX100496,Katie Davis,Houston,Beauty,Conditioner,25.13,5,Yes
TX100497,Michael Lopez,Los Angeles,Home,Lamp,265.32,1,No
TX100498,Sarah Davis,Chicago,Clothing,T-shirt,183.96,4,No
TX100499,Jane Martinez,New York,Home,Table,293.62,1,No
TX100500,John Davis,New York,Home,Sofa,88.71,3,No
TX100501,Emily Brown,Houston,Electronics,Tablet,245.62,1,Yes
TX100502,Chris Davis,New York,Electronics,Smartphone,284.39,4,No
TX100503,Chris Davis,Houston,Home,Curtains,313.51,1,Yes
TX100504,Sarah Smith,Houston,Electronics,Tablet,635.48,1,No
TX100505,Sarah Martinez,Houston,Electronics,Tablet,386.99,2,No
TX100506,Katie Williams,New York,Electronics,Laptop,710.22,1,No
TX100507,Laura Martinez,Houston,Beauty,Lipstick,124.81,3,No
TX100508,Katie Miller,New York,Beauty,Conditioner,15.82,2,Yes
TX100509,John Jones,Houston,Home,Table,274.16,2,No
TX100510,Chris Lopez,Phoenix,Electronics,Tablet,751.45,1,No
TX100511,Emily Garcia,Houston,Beauty,Conditioner,45.32,1,Yes
TX100512,Michael Martinez,Los Angeles,Home,Lamp,188.5,1,No
TX100513,John Garcia,Houston,Electronics,Laptop,690.91,1,No
TX100514,Michael Williams,Chicago,Clothing,Jacket,271.42,1,Yes
TX100515,Laura Jones,Houston,Electronics,Laptop,847.94,1,No
TX100516,David Jones,Los Angeles,Electronics,Headphones,666.5,1,Yes
TX100517,David Lopez,Los Angeles,Beauty,Lipstick,112.23,1,No
TX100518,Emily Martinez,New York,Home,Sofa,214.17,1,Yes
TX100519,Chris Lopez,Phoenix,Home,Sofa,338.43,3,No
TX100520,David Williams,Houston,Beauty,Shampoo,75.27,1,No
TX100521,Emily Martinez,New York,Electronics,Smartphone,351.95,1,No
TX100522,Sarah Garcia,Phoenix,Clothing,T-shirt,216.49,3,No
TX100523,Jane Miller,Houston,Electronics,Camera,645.17,1,No
TX100524,Jane Johnson,Chicago,Electronics,Laptop,486.9,2,No
TX100525,John Williams,Houston,Clothing,Jeans,275.17,2,Yes
TX100526,Katie Davis,Los Angeles,Beauty,Conditioner,12.93,2,No
TX100527,David Miller,Los Angeles,Home,Curtains,192.1,1,No
TX100528,Emily Garcia,Chicago,Beauty,Shampoo,17.96,3,No
TX100529,Chris Davis,New York,Beauty,Conditioner,117.31,3,No
TX100530,John Smith,Phoenix,Electronics,Tablet,761.69,1,No
TX100531,Katie Lopez,Houston,Home,Chair,199.11,1,No
TX100532,Jane Jones,Los Angeles,Home,Curtains,354.05,5,No
TX100533,John Miller,New York,Beauty,Moisturizer,65.43,2,Yes
TX100534,John Brown,Chicago,Clothing,Jacket,231.75,2,No
TX100535,David Smith,Los Angeles,Beauty,Moisturizer,73.59,5,No
TX100536,Emily Garcia,Chicago,Clothing,Jacket,135.44,3,No
TX100537,Katie Davis,Houston,Home,Sofa,470.63,1,No
TX100538,John Miller,Phoenix,Beauty,Moisturizer,45.12,3,Yes
TX100539,John Miller,Los Angeles,Electronics,Headphones,296.36,3,No
TX100540,Alex Davis,Los Angeles,Beauty,Shampoo,91.84,2,No
TX100541,Alex Smith,Houston,Home,Table,486.19,1,Yes
TX100542,Laura Williams,New York,Electronics,Laptop,502.27,1,No
TX100543,Jane Smith,Phoenix,Electronics,Tablet,249.63,5,Yes
TX100544,Alex Johnson,Los Angeles,Clothing,Jacket,115.01,3,No
TX100545,Jane Garcia,Phoenix,Electronics,Tablet,604.75,1,Yes
TX100546,John Johnson,Los Angeles,Electronics,Laptop,329.54,3,No
TX100547,Katie Williams,Phoenix,Beauty,Lipstick,102.13,2,No
TX100548,Emily Smith,Chicago,Home,Lamp,498.99,1,No
TX100549,Laura Miller,Los Angeles,Clothing,Dress,146.49,2,No
TX100550,Michael Williams,Phoenix,Beauty,Shampoo,59.66,2,No
TX100551,Sarah Lopez,New York,Electronics,Laptop,520.56,3,No
TX100552,Alex Johnson,Chicago,Electronics,Camera,292.12,1,Yes
TX100553,John Miller,Chicago,Clothing,T-shirt,267.32,4,No
TX100554,Michael Johnson,New York,Home,Sofa,236.67,1,Yes
TX100555,Michael Davis,Phoenix,Clothing,T-shirt,128.44,1,No
TX100556,John Martinez,Houston,Beauty,Perfume,102.36,5,No
TX100557,Michael Williams,New York,Clothing,Jeans,143.77,2,No
TX100558,Laura Miller,Phoenix,Electronics,Camera,718.59,1,No
TX100559,Laura Garcia,New York,Beauty,Conditioner,18.6,2,Yes
TX100560,David Jones,New York,Electronics,Laptop,850.98,3,No
TX100561,Alex Williams,Los Angeles,Home,Sofa,473.23,1,No
TX100562,John Davis,Phoenix,Electronics,Smartphone,719.01,1,No
TX100563,Jane Williams,Houston,Electronics,Tablet,963.65,1,No
TX100564,Laura Davis,Los Angeles,Clothing,Shoes,62.4,1,Yes
TX100565,Emily Brown,New York,Electronics,Tablet,581.93,2,No
TX100566,Chris Garcia,New York,Beauty,Shampoo,94.25,2,No
TX100567,Chris Miller,New York,Beauty,Conditioner,91.44,1,No
TX100568,Jane Miller,Phoenix,Home,Table,230.66,1,No
TX100569,Sarah Miller,Phoenix,Beauty,Shampoo,57.33,2,No
TX100570,John Miller,Los Angeles,Clothing,T-shirt,55.51,5,No
TX100571,Chris Williams,Houston,Home,Sofa,226.28,1,Yes
TX100572,Alex Brown,Los Angeles,Beauty,Conditioner,32.77,5,No
TX100573,Jane Johnson,Chicago,Clothing,Jeans,225.62,2,No
TX100574,John Jones,New York,Beauty,Lipstick,39.24,1,No
TX100575,Emily Lopez,New York,Beauty,Moisturizer,18.2,4,No
TX100576,Jane Williams,New York,Electronics,Camera,641.89,1,No
TX100577,Michael Miller,Los Angeles,Beauty,Perfume,93.33,3,No
TX100578,Emily Jones,Los Angeles,Beauty,Shampoo,132.07,5,No
TX100579,Chris Garcia,New York,Clothing,Jeans,181.55,1,No
TX100580,David Johnson,Los Angeles,Clothing,Shoes,116.73,1,No
TX100581,Chris Williams,Phoenix,Electronics,Camera,842.41,2,No
TX100582,Emily Lopez,Phoenix,Beauty,Perfume,85.64,1,Yes
TX100583,Katie Davis,Los Angeles,Electronics,Headphones,263.42,1,No
TX100584,John Lopez,New York,Beauty,Perfume,89.22,1,No
TX100585,Laura Miller,Los Angeles,Home,Curtains,458.61,1,No
TX100586,John Johnson,Los Angeles,Home,Curtains,228.34,2,No
TX100587,Alex Smith,Los Angeles,Electronics,Tablet,437.06,1,No
TX100588,David Davis,Chicago,Electronics,Tablet,314.78,1,No
TX100589,Jane Martinez,Phoenix,Electronics,Smartphone,321.16,2,Yes
TX100590,Michael Martinez,Houston,Clothing,Shoes,141.18,2,No
TX100591,Katie Garcia,Houston,Clothing,Jacket,186.79,1,No
TX100592,Emily Lopez,Chicago,Clothing,Jeans,42.57,3,No
TX100593,Sarah Johnson,Los Angeles,Electronics,Headphones,951.65,1,No
TX100594,Michael Jones,Chicago,Beauty,Perfume,115.72,3,No
TX100595,Katie Johnson,Chicago,Home,Sofa,313.98,3,No
TX100596,Chris Lopez,New York,Electronics,Tablet,862.75,1,No
TX100597,Emily Martinez,Phoenix,Clothing,T-shirt,42.45,2,No
TX100598,Katie Johnson,Houston,Clothing,Jeans,153.51,2,No
TX100599,John Jones,Los Angeles,Electronics,Laptop,704.07,1,No
TX100600,David Garcia,Houston,Electronics,Laptop,862.92,3,No
TX100601,Sarah Miller,Houston,Clothing,Dress,239.37,4,No
TX100602,Chris Lopez,Phoenix,Beauty,Moisturizer,48.79,2,No
TX100603,Katie Jones,Houston,Clothing,Jeans,283.45,3,No
TX100604,David Garcia,Houston,Clothing,Jeans,54.82,5,No
TX100605,Laura Johnson,Chicago,Electronics,Smartphone,900.11,5,No
TX100606,David Jones,Phoenix,Beauty,Lipstick,145.93,2,No
TX100607,Michael Lopez,New York,Clothing,Jacket,69.6,2,No
TX100608,John Lopez,Los Angeles,Clothing,Jacket,222.18,1,No
TX100609,Chris Lopez,Houston,Home,Curtains,68.13,5,No
TX100610,Jane Garcia,Los Angeles,Electronics,Smartphone,524.34,1,No
TX100611,John Williams,New York,Home,Curtains,282.33,1,Yes
TX100612,Chris Brown,Los Angeles,Home,Sofa,311.29,1,No
TX100613,Alex Lopez,New York,Clothing,Shoes,282.06,1,No
TX100614,Chris Davis,Chicago,Electronics,Laptop,737.8,1,No
TX100615,Emily Smith,Houston,Beauty,Conditioner,77.38,5,No
TX100616,Michael Davis,New York,Clothing,Jacket,246.71,1,Yes
TX100617,Alex Garcia,Los Angeles,Beauty,Shampoo,143.07,2,Yes
TX100618,Jane Miller,Houston,Beauty,Perfume,13.09,1,No
TX100619,Laura Garcia,Chicago,Electronics,Camera,986.02,1,No
TX100620,Katie Jones,Houston,Home,Sofa,88.76,1,No
TX100621,Laura Smith,New York,Electronics,Headphones,851.51,1,Yes
TX100622,Sarah Brown,Chicago,Beauty,Perfume,49.25,1,Yes
TX100623,Emily Williams,Los Angeles,Clothing,Shoes,57.01,2,No
TX100624,Alex Brown,Chicago,Beauty,Shampoo,71.58,1,No
TX100625,John Johnson,Chicago,Clothing,Dress,200.31,2,No
TX100626,David Lopez,Phoenix,Clothing,T-shirt,126.67,5,No
TX100627,Jane Jones,Chicago,Electronics,Headphones,243.65,4,No
TX100628,David Martinez,Chicago,Beauty,Lipstick,93.92,2,Yes
TX100629,Laura Smith,Houston,Home,Curtains,456.08,1,Yes
TX100630,John Martinez,Los Angeles,Beauty,Conditioner,63.65,5,No
TX100631,Laura Lopez,Houston,Beauty,Conditioner,40.29,1,No
TX100632,David Miller,Houston,Home,Table,249.16,3,No
TX100633,Alex Williams,New York,Electronics,Camera,238.69,4,No
TX100634,Jane Jones,Houston,Beauty,Shampoo,124.87,1,No
TX100635,Alex Garcia,Phoenix,Beauty,Perfume,125.69,1,No
TX100636,Jane Williams,Phoenix,Clothing,T-shirt,184.64,5,No
TX100637,Chris Smith,New York,Beauty,Moisturizer,59.43,2,Yes
TX100638,John Lopez,Los Angeles,Home,Curtains,409.9,1,No
TX100639,David Miller,Los Angeles,Clothing,Shoes,175.31,1,No
TX100640,John Davis,Houston,Electronics,Laptop,860.75,1,No
TX100641,Alex Davis,Houston,Clothing,Jeans,196.81,3,No
TX100642,Chris Smith,Houston,Home,Table,402.98,2,Yes
TX100643,Michael Jones,Los Angeles,Home,Lamp,319.35,5,No
TX100644,Katie Garcia,Chicago,Clothing,Shoes,135.96,1,Yes
TX100645,Laura Martinez,Phoenix,Electronics,Tablet,966.36,1,No
TX100646,Jane Martinez,Chicago,Clothing,Dress,171.51,2,No
TX100647,Sarah Martinez,Chicago,Electronics,Headphones,684.07,1,No
TX100648,Sarah Lopez,Los Angeles,Clothing,Jacket,81.74,1,No
TX100649,Michael Smith,Chicago,Home,Curtains,331.54,5,No
TX100650,Michael Lopez,New York,Beauty,Moisturizer,90.03,4,No
TX100651,Chris Garcia,Houston,Beauty,Conditioner,35.88,2,No
TX100652,Sarah Miller,New York,Electronics,Laptop,247.67,2,Yes
TX100653,Chris Miller,Phoenix,Electronics,Tablet,683.49,1,No
TX100654,David Williams,Houston,Electronics,Camera,810.95,1,No
TX100655,Laura Johnson,Chicago,Home,Table,285.53,2,No
TX100656,Michael Johnson,Phoenix,Clothing,Jacket,83.5,2,No
TX100657,Emily Miller,Houston,Home,Curtains,349.93,5,No
TX100658,Alex Johnson,Chicago,Beauty,Conditioner,21.21,3,No
TX100659,Sarah Miller,New York,Electronics,Smartphone,553.47,1,Yes
TX100660,John Davis,Houston,Clothing,Jacket,65.74,3,No
TX100661,Alex Johnson,Chicago,Beauty,Shampoo,35.82,1,No
TX100662,Alex Jones,New York,Beauty,Moisturizer,38.32,2,No
TX100663,Laura Lopez,Phoenix,Beauty,Moisturizer,64.14,2,No
TX100664,Michael Miller,Phoenix,Home,Curtains,73.02,1,No
TX100665,Michael Davis,Phoenix,Electronics,Tablet,518.23,2,No
TX100666,John Brown,Phoenix,Beauty,Moisturizer,81.64,2,No
TX100667,Katie Martinez,Los Angeles,Electronics,Headphones,586.64,2,Yes
TX100668,Jane Smith,Houston,Home,Curtains,222.25,1,No
TX100669,Sarah Johnson,Houston,Beauty,Moisturizer,127.48,2,No
TX100670,Michael Williams,Los Angeles,Home,Chair,115.4,3,No
TX100671,Sarah Johnson,Chicago,Home,Lamp,277.56,1,No
TX100672,Michael Johnson,Chicago,Electronics,Headphones,249.63,1,No
TX100673,Alex Miller,Phoenix,Beauty,Moisturizer,19.96,2,No
TX100674,Emily Smith,New York,Home,Chair,308.24,1,Yes
TX100675,Chris Martinez,Chicago,Beauty,Moisturizer,89.24,1,No
TX100676,Laura Martinez,New York,Electronics,Tablet,902.43,2,No
TX100677,Sarah Martinez,Houston,Home,Curtains,301.04,1,No
TX100678,Michael Brown,New York,Electronics,Camera,967.83,1,No
TX100679,Chris Smith,Houston,Beauty,Conditioner,16.82,5,No
TX100680,John Williams,Los Angeles,Beauty,Perfume,23.72,2,No
TX100681,Laura Johnson,Los Angeles,Electronics,Tablet,235.25,3,No
TX100682,Emily Johnson,Phoenix,Clothing,T-shirt,71.88,1,Yes
TX100683,Chris Martinez,Chicago,Home,Sofa,293.57,1,No
TX100684,John Jones,Phoenix,Beauty,Conditioner,100.38,4,No
TX100685,David Smith,Houston,Beauty,Conditioner,16.38,2,No
TX100686,David Davis,Phoenix,Home,Table,475.69,2,No
TX100687,Emily Lopez,New York,Electronics,Tablet,873.73,1,No
TX100688,Chris Jones,Houston,Electronics,Laptop,437.29,1,No
TX100689,Katie Miller,Los Angeles,Electronics,Laptop,261.75,1,No
TX100690,Laura Davis,Chicago,Clothing,Shoes,67.57,2,No
TX100691,Jane Martinez,Houston,Clothing,Jacket,55.54,4,No
TX100692,Michael Brown,Houston,Beauty,Lipstick,27.26,1,No
TX100693,Emily Davis,New York,Electronics,Headphones,614.85,5,No
TX100694,Emily Garcia,Chicago,Home,Table,160.63,5,No
TX100695,Chris Williams,Los Angeles,Beauty,Moisturizer,60.14,1,No
TX100696,Sarah Johnson,Houston,Home,Chair,495.28,1,Yes
TX100697,David Lopez,Houston,Beauty,Shampoo,105.8,4,No
TX100698,David Smith,New York,Clothing,Shoes,285.71,5,No
TX100699,Sarah Williams,Phoenix,Beauty,Moisturizer,29.96,2,No
TX100700,Laura Garcia,Los Angeles,Clothing,Shoes,127.0,2,No
TX100701,Chris Jones,Chicago,Beauty,Moisturizer,87.66,2,No
TX100702,Katie Miller,Houston,Electronics,Camera,261.41,2,Yes
TX100703,John Martinez,Houston,Home,Sofa,51.88,1,No
TX100704,Alex Brown,Los Angeles,Electronics,Laptop,736.35,2,No
TX100705,Sarah Smith,Phoenix,Beauty,Shampoo,99.85,1,No
TX100706,Sarah Williams,Houston,Beauty,Lipstick,67.51,1,Yes
TX100707,Jane Johnson,Los Angeles,Beauty,Perfume,78.55,2,No
TX100708,John Davis,New York,Clothing,Dress,136.32,2,No
TX100709,Alex Williams,Phoenix,Home,Lamp,60.8,1,No
TX100710,Katie Davis,Chicago,Home,Table,200.92,1,No
TX100711,David Martinez,Houston,Beauty,Moisturizer,34.79,2,No
TX100712,Emily Jones,Los Angeles,Beauty,Conditioner,23.78,1,No
TX100713,Jane Martinez,New York,Clothing,Jeans,287.88,2,No
TX100714,Laura Williams,Chicago,Electronics,Tablet,679.49,5,Yes
TX100715,David Williams,Los Angeles,Electronics,Laptop,782.93,1,No
TX100716,David Johnson,Los Angeles,Home,Table,191.91,1,No
TX100717,Sarah Martinez,Chicago,Clothing,Shoes,130.08,2,Yes
TX100718,Laura Martinez,New York,Beauty,Shampoo,43.17,5,No
TX100719,Chris Johnson,New York,Home,Curtains,93.63,1,No
TX100720,Laura Garcia,Phoenix,Clothing,T-shirt,70.13,3,No
TX100721,Laura Jones,Houston,Electronics,Tablet,838.01,2,No
TX100722,Sarah Johnson,Chicago,Clothing,T-shirt,209.71,3,No
TX100723,Katie Jones,Chicago,Electronics,Smartphone,637.54,1,No
TX100724,Chris Smith,Chicago,Clothing,Jeans,153.03,3,No
TX100725,Jane Davis,New York,Home,Table,465.1,1,No
TX100726,Alex Lopez,Houston,Electronics,Smartphone,258.19,1,No
TX100727,Alex Davis,Phoenix,Home,Sofa,176.27,2,No
TX100728,Laura Johnson,Los Angeles,Home,Lamp,207.47,1,No
TX100729,Laura Smith,Los Angeles,Electronics,Headphones,825.94,3,Yes
TX100730,Katie Davis,Chicago,Electronics,Laptop,994.01,1,Yes
TX100731,Alex Davis,Houston,Beauty,Lipstick,43.69,4,No
TX100732,John Martinez,New York,Beauty,Conditioner,132.4,2,No
TX100733,David Jones,Houston,Beauty,Perfume,126.29,1,Yes
TX100734,Sarah Brown,Houston,Home,Sofa,151.1,1,No
TX100735,Katie Miller,New York,Home,Chair,229.7,5,Yes
TX100736,Chris Lopez,Chicago,Beauty,Lipstick,67.35,1,No
TX100737,David Williams,Houston,Home,Table,490.2,1,No
TX100738,Michael Lopez,Los Angeles,Home,Table,131.4,1,No
TX100739,Sarah Jones,New York,Electronics,Headphones,839.33,2,No
TX100740,Michael Johnson,Phoenix,Electronics,Headphones,467.35,1,Yes
TX100741,Emily Johnson,Chicago,Home,Table,378.89,1,No
TX100742,Michael Johnson,New York,Beauty,Shampoo,68.8,1,No
TX100743,John Martinez,Phoenix,Clothing,Jeans,181.94,1,No
TX100744,John Davis,Phoenix,Beauty,Conditioner,126.57,1,No
TX100745,Jane Davis,Houston,Clothing,Shoes,245.17,2,No
TX100746,Alex Garcia,Houston,Beauty,Perfume,131.3,3,No
TX100747,Alex Miller,Houston,Electronics,Camera,247.69,1,Yes
TX100748,Sarah Martinez,New York,Home,Lamp,361.42,1,No
TX100749,Jane Jones,New York,Home,Chair,112.99,1,No
TX100750,Katie Brown,Chicago,Electronics,Headphones,532.65,5,Yes
TX100751,Emily Brown,Houston,Clothing,Jeans,173.6,5,No
TX100752,Jane Brown,Phoenix,Clothing,Jacket,132.77,4,No
TX100753,John Garcia,Los Angeles,Clothing,Dress,165.49,1,No
TX100754,John Lopez,Chicago,Electronics,Tablet,997.22,1,No
TX100755,Katie Smith,New York,Clothing,Dress,57.86,2,No
TX100756,Katie Lopez,Chicago,Electronics,Camera,740.36,1,No
TX100757,Laura Johnson,Chicago,Beauty,Perfume,65.44,2,Yes
TX100758,Jane Brown,Chicago,Beauty,Lipstick,28.62,3,No
TX100759,Alex Brown,Chicago,Electronics,Headphones,326.99,3,Yes
TX100760,Michael Smith,Los Angeles,Home,Sofa,477.17,3,No
TX100761,Katie Williams,Houston,Beauty,Moisturizer,133.14,2,No
TX100762,Sarah Miller,Phoenix,Clothing,Shoes,273.97,3,No
TX100763,Sarah Johnson,Chicago,Electronics,Tablet,993.23,1,No
TX100764,Jane Brown,Chicago,Clothing,Jacket,78.33,1,No
TX100765,John Williams,Chicago,Clothing,Shoes,119.52,3,No
TX100766,David Miller,Houston,Home,Lamp,351.15,1,No
TX100767,Michael Brown,New York,Clothing,Jacket,155.46,2,No
TX100768,Jane Brown,New York,Home,Table,238.28,1,No
TX100769,Katie Williams,Los Angeles,Beauty,Shampoo,60.09,3,Yes
TX100770,John Davis,New York,Electronics,Camera,675.02,2,No
TX100771,Chris Jones,Chicago,Clothing,Jeans,181.17,2,Yes
TX100772,Emily Garcia,Chicago,Electronics,Smartphone,329.17,3,No
TX100773,Alex Martinez,Chicago,Clothing,T-shirt,152.09,1,No
TX100774,Chris Williams,Los Angeles,Electronics,Camera,642.78,1,No
TX100775,John Lopez,Chicago,Clothing,Dress,179.68,3,Yes
TX100776,Katie Johnson,New York,Clothing,Dress,78.83,3,Yes
TX100777,Alex Smith,Houston,Clothing,Shoes,227.84,5,No
TX100778,David Davis,Houston,Clothing,Dress,27.06,1,No
TX100779,Jane Davis,Phoenix,Clothing,T-shirt,119.35,3,No
TX100780,David Smith,New York,Clothing,T-shirt,238.46,3,No
TX100781,Chris Davis,Chicago,Clothing,Jeans,177.89,5,No
TX100782,Jane Brown,Houston,Clothing,Shoes,93.13,1,No
TX100783,Michael Williams,New York,Clothing,Jacket,214.59,3,No
TX100784,Chris Davis,Houston,Electronics,Tablet,653.91,1,No
TX100785,Sarah Williams,Chicago,Home,Chair,408.31,1,No
TX100786,Emily Martinez,Houston,Clothing,Jeans,225.81,2,No
TX100787,Michael Smith,Phoenix,Home,Sofa,324.55,1,Yes
TX100788,Emily Brown,Phoenix,Clothing,Jeans,156.69,2,No
TX100789,David Garcia,Houston,Clothing,Jeans,57.29,4,Yes
TX100790,David Garcia,New York,Electronics,Tablet,409.07,1,No
TX100791,Katie Jones,New York,Beauty,Shampoo,68.67,3,No
TX100792,Chris Johnson,New York,Beauty,Perfume,93.9,2,No
TX100793,Laura Davis,Houston,Electronics,Laptop,610.97,1,Yes
TX100794,John Davis,New York,Home,Sofa,179.68,1,No
TX100795,Chris Johnson,Chicago,Beauty,Conditioner,10.91,2,Yes
TX100796,Jane Garcia,Phoenix,Electronics,Headphones,596.99,1,Yes
TX100797,David Smith,Chicago,Electronics,Tablet,428.5,1,No
TX100798,Katie Martinez,New York,Beauty,Conditioner,112.85,2,No
TX100799,Laura Garcia,Chicago,Home,Lamp,60.78,1,No
TX100800,Alex Davis,New York,Electronics,Headphones,667.86,1,No
TX100801,David Smith,Houston,Clothing,Jacket,283.61,2,No
TX100802,David Garcia,Chicago,Home,Curtains,128.48,1,Yes
TX100803,Katie Brown,Houston,Home,Sofa,262.24,4,No
TX100804,John Lopez,Houston,Beauty,Perfume,22.8,4,No
TX100805,Laura Johnson,Los Angeles,Beauty,Shampoo,97.6,3,No
TX100806,John Johnson,New York,Clothing,T-shirt,174.15,1,No
TX100807,John Smith,Phoenix,Electronics,Headphones,525.89,2,No
TX100808,David Smith,New York,Beauty,Conditioner,82.99,4,No
TX100809,Emily Lopez,Phoenix,Beauty,Conditioner,135.52,3,No
TX100810,Katie Miller,New York,Home,Sofa,138.33,1,No
TX100811,Jane Garcia,Houston,Beauty,Conditioner,13.16,3,Yes
TX100812,Michael Lopez,Chicago,Beauty,Perfume,130.63,4,No
TX100813,Sarah Johnson,Chicago,Beauty,Shampoo,90.8,2,No
TX100814,Jane Lopez,Los Angeles,Beauty,Perfume,134.69,3,No
TX100815,Michael Smith,Phoenix,Home,Chair,318.63,1,Yes
TX100816,Laura Williams,Phoenix,Clothing,Jacket,246.85,2,Yes
TX100817,Katie Martinez,Phoenix,Clothing,Dress,140.31,1,No
TX100818,Katie Martinez,Houston,Electronics,Camera,799.89,2,Yes
TX100819,Michael Martinez,Phoenix,Beauty,Perfume,137.83,1,No
TX100820,Jane Davis,Chicago,Home,Table,307.46,1,No
TX100821,Laura Johnson,Houston,Electronics,Headphones,344.63,1,No
TX100822,Emily Miller,New York,Electronics,Headphones,415.04,1,No
TX100823,Emily Brown,Phoenix,Clothing,T-shirt,75.62,1,No
TX100824,Katie Lopez,Phoenix,Home,Lamp,161.09,2,No
TX100825,Katie Lopez,New York,Home,Chair,187.89,2,Yes
TX100826,Alex Martinez,Phoenix,Home,Lamp,299.81,1,Yes
TX100827,Sarah Johnson,New York,Clothing,Jeans,184.64,1,No
TX100828,Katie Miller,Houston,Clothing,Shoes,139.42,1,No
TX100829,David Williams,Chicago,Clothing,Jeans,192.32,4,No
TX100830,Sarah Williams,New York,Clothing,T-shirt,42.84,2,No
TX100831,Michael Brown,Los Angeles,Clothing,Shoes,44.58,2,No
TX100832,Laura Miller,New York,Beauty,Lipstick,34.06,1,Yes
TX100833,Chris Miller,Phoenix,Beauty,Perfume,82.53,3,No
TX100834,Alex Johnson,Houston,Home,Table,146.3,3,No
TX100835,Katie Johnson,Houston,Electronics,Headphones,426.63,3,No
TX100836,Alex Garcia,New York,Home,Lamp,230.14,2,No
TX100837,Chris Davis,Chicago,Electronics,Laptop,849.49,1,Yes
TX100838,David Williams,Los Angeles,Clothing,Shoes,23.88,1,No
TX100839,Sarah Williams,Houston,Electronics,Smartphone,719.5,1,No
TX100840,Alex Garcia,Phoenix,Home,Lamp,350.99,1,Yes
TX100841,John Miller,Phoenix,Home,Sofa,409.4,1,No
TX100842,John Jones,Chicago,Electronics,Laptop,946.2,1,No
TX100843,Sarah Davis,Houston,Beauty,Moisturizer,12.82,2,No
TX100844,Emily Jones,New York,Clothing,Shoes,63.06,5,No
TX100845,Emily Brown,Phoenix,Clothing,Jeans,268.13,3,Yes
TX100846,Laura Johnson,Chicago,Home,Curtains,256.33,3,No
TX100847,John Williams,Houston,Beauty,Lipstick,89.04,3,No
TX100848,David Brown,Houston,Electronics,Headphones,730.42,1,No
TX100849,Sarah Jones,Houston,Clothing,Dress,210.14,3,Yes
TX100850,Jane Brown,Houston,Beauty,Moisturizer,140.44,1,No
TX100851,Jane Johnson,Houston,Clothing,Dress,299.15,3,No
TX100852,Emily Garcia,Phoenix,Beauty,Lipstick,110.82,2,No
TX100853,Michael Lopez,Chicago,Beauty,Moisturizer,50.21,5,No
TX100854,Alex Williams,Houston,Home,Chair,445.89,1,Yes
TX100855,Sarah Garcia,Los Angeles,Clothing,Dress,33.78,1,No
TX100856,Alex Johnson,Los Angeles,Electronics,Tablet,384.86,4,Yes
TX100857,Laura Jones,Chicago,Home,Lamp,453.82,1,No
TX100858,John Williams,New York,Home,Curtains,165.29,2,No
TX100859,Sarah Davis,New York,Electronics,Camera,376.52,2,No
TX100860,Emily Miller,New York,Home,Lamp,112.16,3,No
TX100861,Sarah Johnson,Los Angeles,Beauty,Lipstick,130.28,5,No
TX100862,Michael Jones,New York,Beauty,Conditioner,80.01,5,No
TX100863,Chris Garcia,Phoenix,Clothing,Jacket,208.97,1,Yes
TX100864,David Garcia,Houston,Clothing,Shoes,86.94,4,Yes
TX100865,Laura Miller,Los Angeles,Electronics,Smartphone,806.43,2,No
TX100866,David Brown,Chicago,Clothing,Dress,232.8,3,Yes
TX100867,Jane Miller,Chicago,Beauty,Perfume,53.76,1,No
TX100868,Katie Smith,Houston,Electronics,Headphones,528.55,2,No
TX100869,David Martinez,Los Angeles,Electronics,Headphones,367.75,5,No
TX100870,Jane Williams,New York,Clothing,T-shirt,293.44,5,No
TX100871,Chris Jones,New York,Beauty,Conditioner,100.38,2,No
TX100872,John Davis,Phoenix,Electronics,Tablet,947.64,1,No
TX100873,Laura Brown,Phoenix,Beauty,Shampoo,52.47,2,No
TX100874,Michael Lopez,New York,Beauty,Conditioner,119.46,4,No
TX100875,Alex Garcia,Chicago,Beauty,Moisturizer,117.22,3,Yes
TX100876,Sarah Lopez,Chicago,Clothing,Dress,213.66,2,No
TX100877,David Smith,Phoenix,Home,Table,484.54,1,No
TX100878,Chris Brown,Houston,Home,Curtains,227.1,1,No
TX100879,Laura Smith,New York,Electronics,Laptop,304.57,1,Yes
TX100880,David Garcia,Phoenix,Beauty,Conditioner,104.04,5,Yes
TX100881,Emily Martinez,Phoenix,Clothing,T-shirt,224.21,3,No
TX100882,Chris Jones,New York,Beauty,Moisturizer,90.51,2,No
TX100883,Chris Smith,New York,Beauty,Perfume,38.95,2,No
TX100884,John Davis,Chicago,Clothing,Jacket,161.25,1,No
TX100885,Laura Garcia,Houston,Home,Table,190.49,5,No
TX100886,Emily Johnson,Houston,Beauty,Shampoo,69.85,2,No
TX100887,Jane Martinez,New York,Beauty,Lipstick,100.33,2,No
TX100888,Chris Brown,Los Angeles,Home,Table,385.35,1,Yes
TX100889,Sarah Smith,Phoenix,Clothing,Shoes,85.02,3,No
TX100890,Michael Williams,Phoenix,Electronics,Camera,524.26,2,No
TX100891,Katie Jones,New York,Home,Sofa,171.12,2,No
TX100892,Chris Jones,Los Angeles,Electronics,Smartphone,358.91,1,No
TX100893,John Smith,Chicago,Electronics,Smartphone,826.71,1,No
TX100894,Alex Lopez,New York,Home,Curtains,459.16,1,No
TX100895,Emily Jones,New York,Beauty,Perfume,61.83,3,No
TX100896,Jane Davis,Phoenix,Electronics,Headphones,801.02,1,No
TX100897,Jane Martinez,New York,Electronics,Headphones,917.6,1,Yes
TX100898,Jane Martinez,New York,Clothing,Shoes,256.91,4,Yes
TX100899,Michael Davis,New York,Beauty,Conditioner,35.59,4,No
TX100900,Jane Miller,Phoenix,Electronics,Laptop,965.03,1,No
TX100901,Katie Brown,Chicago,Clothing,Jeans,125.47,2,No
TX100902,Michael Brown,Chicago,Beauty,Lipstick,57.49,1,No
TX100903,Jane Lopez,New York,Home,Sofa,78.09,2,No
TX100904,Michael Davis,Phoenix,Home,Sofa,268.78,3,No
TX100905,Jane Jones,Chicago,Clothing,Shoes,50.52,1,Yes
TX100906,John Miller,Chicago,Home,Lamp,161.84,1,Yes
TX100907,Laura Garcia,Chicago,Electronics,Headphones,453.55,3,No
TX100908,Chris Garcia,Phoenix,Beauty,Lipstick,123.24,4,Yes
TX100909,Jane Smith,Phoenix,Electronics,Smartphone,900.39,1,No
TX100910,Michael Miller,New York,Electronics,Camera,441.97,1,No
TX100911,Sarah Lopez,Houston,Home,Lamp,436.41,1,No
TX100912,Jane Johnson,Chicago,Electronics,Laptop,885.78,1,Yes
TX100913,John Lopez,Houston,Home,Chair,394.09,4,No
TX100914,Laura Davis,Phoenix,Beauty,Moisturizer,30.54,4,No
TX100915,John Davis,Phoenix,Beauty,Conditioner,106.65,3,No
TX100916,David Brown,Phoenix,Electronics,Tablet,956.02,1,No
TX100917,John Smith,Houston,Clothing,Jeans,211.11,4,Yes
TX100918,Alex Jones,Phoenix,Home,Table,199.23,1,No
TX100919,Chris Martinez,New York,Home,Curtains,275.26,1,No
TX100920,Sarah Johnson,Phoenix,Electronics,Camera,716.58,1,No
TX100921,Jane Garcia,Los Angeles,Home,Lamp,279.76,1,No
TX100922,David Smith,Houston,Home,Sofa,103.98,2,No
TX100923,David Martinez,Los Angeles,Clothing,T-shirt,107.38,2,Yes
TX100924,David Jones,Phoenix,Clothing,Shoes,244.67,1,No
TX100925,David Brown,New York,Electronics,Laptop,889.13,1,No
TX100926,Jane Garcia,Chicago,Clothing,Jeans,58.44,1,No
TX100927,Emily Garcia,Phoenix,Electronics,Smartphone,961.91,1,No
TX100928,Alex Garcia,New York,Beauty,Conditioner,56.04,2,No
TX100929,Jane Johnson,Houston,Electronics,Laptop,729.85,3,No
TX100930,David Miller,Los Angeles,Beauty,Conditioner,115.26,1,Yes
TX100931,Alex Smith,Los Angeles,Electronics,Laptop,849.56,1,No
TX100932,Laura Garcia,Los Angeles,Home,Curtains,475.59,1,No
TX100933,Michael Martinez,Houston,Clothing,Jacket,107.62,4,No
TX100934,Chris Smith,New York,Beauty,Conditioner,130.19,2,No
TX100935,Sarah Miller,Houston,Electronics,Camera,305.35,1,No
TX100936,Chris Williams,Los Angeles,Clothing,T-shirt,217.41,2,No
TX100937,David Smith,Phoenix,Electronics,Tablet,793.58,1,No
TX100938,John Smith,Chicago,Clothing,Dress,209.76,1,No
TX100939,Alex Garcia,Houston,Clothing,T-shirt,90.65,3,No
TX100940,Sarah Williams,Houston,Electronics,Headphones,898.43,2,No
TX100941,Laura Lopez,New York,Beauty,Perfume,33.64,2,No
TX100942,Jane Martinez,New York,Beauty,Shampoo,17.51,3,Yes
TX100943,Alex Jones,Houston,Home,Curtains,372.86,2,No
TX100944,Sarah Davis,Los Angeles,Clothing,Dress,153.13,1,No
TX100945,Jane Garcia,Chicago,Home,Lamp,432.09,1,Yes
TX100946,Chris Lopez,New York,Home,Lamp,222.53,1,No
TX100947,David Jones,Los Angeles,Electronics,Headphones,334.62,1,No
TX100948,Jane Jones,Phoenix,Electronics,Smartphone,869.15,2,No
TX100949,Emily Miller,New York,Electronics,Smartphone,639.13,3,No
TX100950,Katie Johnson,Los Angeles,Clothing,Dress,72.97,5,Yes
TX100951,Chris Miller,Los Angeles,Electronics,Tablet,776.31,2,No
TX100952,Michael Jones,Chicago,Electronics,Tablet,608.89,1,No
TX100953,David Brown,Chicago,Clothing,Jeans,189.21,1,No
TX100954,Alex Brown,Phoenix,Clothing,T-shirt,149.05,4,No
TX100955,Chris Garcia,Los Angeles,Beauty,Shampoo,126.02,2,No
TX100956,Alex Johnson,Los Angeles,Electronics,Smartphone,863.65,2,No
TX100957,Emily Jones,Chicago,Electronics,Camera,767.51,2,No
TX100958,Emily Williams,New York,Electronics,Smartphone,284.32,2,No
TX100959,Laura Lopez,New York,Beauty,Lipstick,127.44,4,No
TX100960,Emily Johnson,Houston,Electronics,Tablet,736.81,1,Yes
TX100961,Jane Smith,Chicago,Beauty,Shampoo,107.58,3,Yes
TX100962,Emily Lopez,Houston,Home,Lamp,213.34,3,No
TX100963,David Miller,Chicago,Beauty,Moisturizer,133.1,1,No
TX100964,Sarah Miller,Phoenix,Home,Chair,376.42,2,No
TX100965,Michael Davis,Los Angeles,Electronics,Tablet,290.07,1,Yes
TX100966,John Lopez,Phoenix,Home,Table,233.5,5,Yes
TX100967,Sarah Davis,Chicago,Beauty,Moisturizer,134.09,1,No
TX100968,Emily Brown,Los Angeles,Clothing,T-shirt,33.22,2,No
TX100969,Emily Garcia,New York,Home,Lamp,482.64,1,No
TX100970,Michael Garcia,New York,Home,Chair,355.62,2,No
TX100971,John Davis,Houston,Electronics,Camera,705.1,1,No
TX100972,Sarah Miller,Chicago,Beauty,Conditioner,47.88,1,No
TX100973,Katie Garcia,Chicago,Home,Curtains,161.96,1,No
TX100974,Chris Garcia,New York,Home,Chair,473.93,4,No
TX100975,David Lopez,Phoenix,Home,Curtains,184.22,1,No
TX100976,David Lopez,Los Angeles,Home,Curtains,398.98,1,No
TX100977,Laura Lopez,Phoenix,Clothing,Jacket,130.07,3,Yes
TX100978,David Lopez,Phoenix,Beauty,Lipstick,29.5,2,No
TX100979,Laura Davis,New York,Electronics,Smartphone,208.57,4,No
TX100980,John Lopez,New York,Electronics,Tablet,635.41,1,No
TX100981,Chris Brown,New York,Clothing,Jacket,293.22,3,Yes
TX100982,Jane Davis,Houston,Beauty,Moisturizer,61.68,1,No
TX100983,Alex Brown,Phoenix,Home,Lamp,210.74,1,No
TX100984,Michael Lopez,Chicago,Clothing,Shoes,116.35,3,No
TX100985,David Johnson,Los Angeles,Beauty,Moisturizer,82.88,2,No
TX100986,Alex Brown,Houston,Home,Chair,248.3,2,No
TX100987,Sarah Smith,Chicago,Clothing,Jacket,266.38,2,No
TX100988,Michael Johnson,Phoenix,Beauty,Shampoo,80.77,2,No
TX100989,Chris Smith,New York,Electronics,Tablet,606.21,1,No
TX100990,Alex Johnson,Phoenix,Electronics,Smartphone,310.7,5,No
TX100991,John Miller,Los Angeles,Beauty,Moisturizer,147.58,1,No
TX100992,Chris Smith,Houston,Electronics,Headphones,399.98,1,No
TX100993,Katie Jones,Houston,Beauty,Perfume,20.27,2,No
TX100994,Alex Miller,Los Angeles,Home,Curtains,348.42,1,No
TX100995,Sarah Martinez,Chicago,Beauty,Moisturizer,93.35,1,No
TX100996,David Martinez,Chicago,Home,Sofa,236.82,4,No
TX100997,Jane Williams,Houston,Clothing,Dress,138.21,1,No
TX100998,Michael Jones,Houston,Beauty,Perfume,119.91,4,No
TX100999,Jane Williams,New York,Clothing,T-shirt,74.8,1,No
