Generate_Loan_Applications_Data_With_Names,,,,,,,,,,,,,,,
Applicant_ID,Name,Age,Profession,Annual_Income,Credit_Score,Loan_Amount,Loan_Status,,,,,,,,
APP0001,Sarah Martinez,59,Artist,198722,601,40062,Paid,,,,,,,,
APP0002,Michael Smith,49,Doctor,76413,489,8630,Default,,,,,,,,
APP0003,Sarah Rodriguez,35,Teacher,167084,435,36870,Default,,,,,,,,
APP0004,Emily Williams,63,Engineer,37151,703,49942,Default,,,,,,,,
APP0005,Emily Brown,28,Lawyer,87716,640,8453,Default,,,,,,,,
APP0006,Sarah Johnson,41,Doctor,123747,617,42275,Paid,,,,,,,,
APP0007,John Martinez,59,Engineer,197450,662,48370,Paid,,,,,,,,
APP0008,John Davis,39,Doctor,174539,681,43396,Default,,,,,,,,
APP0009,Jane Martinez,43,Artist,192082,532,13328,Paid,,,,,,,,
APP0010,Chris Brown,31,Lawyer,151999,643,20534,Paid,,,,,,,,
APP0011,Laura Johnson,31,Engineer,144793,848,24744,Paid,,,,,,,,
APP0012,Sarah Rodriguez,44,Engineer,138177,828,24389,Paid,,,,,,,,
APP0013,Michael Miller,56,Engineer,42289,482,41320,Default,,,,,,,,
APP0014,John Johnson,60,Engineer,184243,340,40010,Default,,,,,,,,
APP0015,Emily Brown,44,Engineer,116365,850,19665,Paid,,,,,,,,
APP0016,Alex Miller,23,Doctor,144014,696,42865,Paid,,,,,,,,
APP0017,Laura Johnson,42,Lawyer,190806,793,13640,Paid,,,,,,,,
APP0018,Emily Williams,22,Artist,102588,632,39716,Paid,,,,,,,,
APP0019,Jane Garcia,44,Artist,93646,426,30521,Paid,,,,,,,,
APP0020,Emily Garcia,64,Artist,33654,300,35049,Default,,,,,,,,
APP0021,Jane Brown,50,Artist,48743,467,10618,Paid,,,,,,,,
APP0022,Katie Jones,58,Doctor,78368,318,42004,Default,,,,,,,,
APP0023,Alex Davis,22,Teacher,167513,631,6920,Paid,,,,,,,,
APP0024,Michael Williams,41,Lawyer,149735,755,48937,Paid,,,,,,,,
APP0025,Katie Brown,53,Engineer,185683,408,9188,Paid,,,,,,,,
APP0026,Chris Jones,32,Teacher,149891,567,17207,Paid,,,,,,,,
APP0027,Michael Jones,42,Artist,137971,744,5238,Paid,,,,,,,,
APP0028,Alex Martinez,64,Teacher,42149,539,37972,Paid,,,,,,,,
APP0029,Chris Miller,45,Lawyer,130102,600,15799,Default,,,,,,,,
APP0030,Chris Jones,47,Engineer,89189,402,10552,Default,,,,,,,,
APP0031,David Williams,62,Engineer,182747,549,33916,Paid,,,,,,,,
APP0032,Katie Smith,48,Lawyer,101031,752,9927,Paid,,,,,,,,
APP0033,Sarah Jones,36,Lawyer,72668,819,32964,Paid,,,,,,,,
APP0034,Laura Jones,35,Artist,174745,452,16164,Default,,,,,,,,
APP0035,David Garcia,64,Engineer,118204,473,42158,Default,,,,,,,,
APP0036,Laura Martinez,23,Teacher,184741,642,24071,Default,,,,,,,,
APP0037,Laura Williams,57,Doctor,195140,730,11160,Paid,,,,,,,,
APP0038,Michael Miller,27,Doctor,170507,623,20810,Default,,,,,,,,
APP0039,Sarah Garcia,41,Lawyer,67384,719,10126,Paid,,,,,,,,
APP0040,Michael Johnson,29,Artist,111929,784,35009,Paid,,,,,,,,
APP0041,David Martinez,59,Doctor,157959,711,38584,Paid,,,,,,,,
APP0042,Sarah Smith,38,Engineer,106153,383,30396,Default,,,,,,,,
APP0043,John Williams,24,Lawyer,105388,412,5192,Default,,,,,,,,
APP0044,Alex Smith,45,Teacher,61401,631,41413,Paid,,,,,,,,
APP0045,Michael Brown,34,Lawyer,149503,677,17816,Default,,,,,,,,
APP0046,Sarah Johnson,29,Teacher,157834,340,44082,Default,,,,,,,,
APP0047,Sarah Jones,46,Lawyer,64084,404,37130,Default,,,,,,,,
APP0048,Katie Rodriguez,22,Lawyer,140641,501,45142,Paid,,,,,,,,
APP0049,Emily Johnson,40,Lawyer,135111,749,41468,Paid,,,,,,,,
APP0050,Chris Williams,48,Teacher,197523,565,35698,Default,,,,,,,,
APP0051,Jane Smith,27,Teacher,168299,509,15655,Default,,,,,,,,
APP0052,Sarah Johnson,64,Lawyer,192982,417,35075,Default,,,,,,,,
APP0053,Katie Davis,28,Doctor,66041,676,14359,Default,,,,,,,,
APP0054,Alex Rodriguez,55,Artist,118920,850,41661,Paid,,,,,,,,
APP0055,David Johnson,34,Artist,95681,839,44579,Paid,,,,,,,,
APP0056,Laura Martinez,37,Artist,111571,383,47056,Default,,,,,,,,
APP0057,Chris Brown,56,Teacher,157556,753,38272,Paid,,,,,,,,
APP0058,Sarah Jones,60,Teacher,56160,813,47581,Paid,,,,,,,,
APP0059,Emily Davis,24,Doctor,47633,686,19671,Paid,,,,,,,,
APP0060,Emily Martinez,22,Artist,47014,649,32048,Paid,,,,,,,,
APP0061,Katie Johnson,26,Artist,110532,595,15738,Default,,,,,,,,
APP0062,Chris Garcia,62,Lawyer,79104,557,30963,Default,,,,,,,,
APP0063,Chris Johnson,24,Teacher,107231,380,48954,Default,,,,,,,,
APP0064,Michael Brown,49,Artist,98388,567,11773,Paid,,,,,,,,
APP0065,Laura Miller,38,Doctor,46014,718,41584,Paid,,,,,,,,
APP0066,Michael Rodriguez,46,Doctor,122578,534,34894,Paid,,,,,,,,
APP0067,John Martinez,64,Artist,194827,610,5717,Paid,,,,,,,,
APP0068,Katie Garcia,54,Teacher,70390,656,16676,Default,,,,,,,,
APP0069,Katie Garcia,30,Doctor,53711,512,9434,Default,,,,,,,,
APP0070,Sarah Miller,56,Lawyer,121658,348,42825,Paid,,,,,,,,
APP0071,Sarah Garcia,34,Doctor,87993,426,34100,Paid,,,,,,,,
APP0072,John Williams,51,Engineer,188285,522,9994,Default,,,,,,,,
APP0073,Jane Garcia,35,Engineer,37421,578,9234,Paid,,,,,,,,
APP0074,Laura Williams,28,Teacher,47727,707,8764,Paid,,,,,,,,
APP0075,Sarah Davis,34,Artist,142418,804,48949,Paid,,,,,,,,
APP0076,Laura Jones,43,Teacher,34358,593,42405,Paid,,,,,,,,
APP0077,Laura Garcia,60,Teacher,95108,576,39872,Paid,,,,,,,,
APP0078,Chris Rodriguez,41,Teacher,124018,737,47215,Paid,,,,,,,,
APP0079,Michael Davis,36,Teacher,154457,406,28185,Default,,,,,,,,
APP0080,John Johnson,65,Lawyer,193189,719,48442,Paid,,,,,,,,
APP0081,Laura Rodriguez,38,Lawyer,61910,728,46153,Paid,,,,,,,,
APP0082,Emily Martinez,44,Doctor,156888,674,16999,Default,,,,,,,,
APP0083,Sarah Rodriguez,46,Engineer,85754,372,41487,Default,,,,,,,,
APP0084,Emily Martinez,45,Teacher,139847,329,7581,Default,,,,,,,,
APP0085,Sarah Martinez,65,Doctor,190443,487,7763,Default,,,,,,,,
APP0086,David Miller,61,Engineer,68467,663,32374,Paid,,,,,,,,
APP0087,Jane Rodriguez,49,Artist,178697,750,43759,Paid,,,,,,,,
APP0088,Emily Davis,35,Lawyer,63893,494,15531,Default,,,,,,,,
APP0089,Michael Miller,65,Engineer,106329,455,30307,Default,,,,,,,,
APP0090,Laura Smith,21,Artist,61007,471,35835,Paid,,,,,,,,
APP0091,Chris Johnson,45,Engineer,84253,340,16064,Default,,,,,,,,
APP0092,Jane Smith,27,Lawyer,42323,362,16312,Default,,,,,,,,
APP0093,Chris Johnson,29,Lawyer,141335,322,42548,Default,,,,,,,,
APP0094,Emily Williams,44,Doctor,142356,659,41945,Paid,,,,,,,,
APP0095,Alex Johnson,21,Teacher,140944,374,11476,Default,,,,,,,,
APP0096,Katie Johnson,64,Engineer,175282,417,29565,Default,,,,,,,,
APP0097,Laura Davis,28,Engineer,46456,679,7382,Paid,,,,,,,,
APP0098,Chris Martinez,44,Artist,61367,589,27463,Paid,,,,,,,,
APP0099,Michael Brown,31,Lawyer,84624,739,38402,Paid,,,,,,,,
APP0100,John Johnson,37,Engineer,171178,306,31345,Default,,,,,,,,
APP0101,Sarah Martinez,28,Lawyer,98008,495,49764,Default,,,,,,,,
APP0102,Emily Smith,55,Engineer,155926,720,31946,Default,,,,,,,,
APP0103,Laura Rodriguez,55,Doctor,145395,492,19162,Default,,,,,,,,
APP0104,Emily Martinez,53,Teacher,146492,447,13397,Default,,,,,,,,
APP0105,Alex Johnson,25,Engineer,102240,501,27335,Default,,,,,,,,
APP0106,Chris Williams,62,Lawyer,94315,743,19394,Paid,,,,,,,,
APP0107,Sarah Miller,59,Doctor,40756,718,32197,Paid,,,,,,,,
APP0108,Katie Smith,61,Engineer,66378,726,27010,Paid,,,,,,,,
APP0109,Laura Johnson,48,Artist,165327,778,29123,Default,,,,,,,,
APP0110,Chris Rodriguez,27,Teacher,175556,774,27387,Paid,,,,,,,,
APP0111,Laura Johnson,29,Engineer,155703,425,7890,Paid,,,,,,,,
APP0112,David Jones,28,Doctor,86549,694,32769,Default,,,,,,,,
APP0113,Sarah Garcia,32,Artist,195575,624,48626,Default,,,,,,,,
APP0114,Alex Williams,54,Doctor,103794,691,13026,Default,,,,,,,,
APP0115,Sarah Davis,53,Doctor,75113,739,8306,Paid,,,,,,,,
APP0116,Sarah Martinez,43,Artist,104069,503,38665,Paid,,,,,,,,
APP0117,Jane Johnson,44,Doctor,166321,785,14277,Paid,,,,,,,,
APP0118,Chris Garcia,57,Artist,180273,330,47239,Default,,,,,,,,
APP0119,Jane Jones,55,Engineer,155541,687,19683,Paid,,,,,,,,
APP0120,Michael Martinez,64,Artist,39686,733,5670,Paid,,,,,,,,
APP0121,Sarah Davis,60,Artist,83363,675,28675,Default,,,,,,,,
APP0122,Michael Davis,42,Teacher,127543,643,22889,Paid,,,,,,,,
APP0123,David Jones,47,Artist,161733,742,49535,Paid,,,,,,,,
APP0124,Chris Martinez,55,Artist,125673,374,18006,Default,,,,,,,,
APP0125,Emily Rodriguez,21,Engineer,72828,454,31531,Paid,,,,,,,,
APP0126,Chris Johnson,55,Teacher,78604,729,26639,Paid,,,,,,,,
APP0127,Sarah Davis,57,Lawyer,40526,662,21633,Paid,,,,,,,,
APP0128,Michael Davis,34,Engineer,98910,747,39660,Paid,,,,,,,,
APP0129,Alex Brown,23,Engineer,55592,533,8439,Default,,,,,,,,
APP0130,Chris Garcia,21,Lawyer,58982,561,37172,Paid,,,,,,,,
APP0131,John Brown,25,Artist,30207,424,40622,Default,,,,,,,,
APP0132,Sarah Jones,46,Doctor,118733,544,16577,Paid,,,,,,,,
APP0133,Michael Jones,34,Teacher,154982,841,16763,Paid,,,,,,,,
APP0134,John Miller,59,Doctor,98619,784,25176,Paid,,,,,,,,
APP0135,Laura Miller,47,Lawyer,190400,421,49386,Paid,,,,,,,,
APP0136,Emily Davis,29,Engineer,76479,424,29255,Paid,,,,,,,,
APP0137,Chris Martinez,35,Engineer,181175,848,46003,Paid,,,,,,,,
APP0138,David Martinez,35,Teacher,171826,469,24996,Default,,,,,,,,
APP0139,Chris Smith,46,Engineer,111437,423,40386,Default,,,,,,,,
APP0140,David Jones,62,Engineer,128540,334,26062,Default,,,,,,,,
APP0141,Katie Brown,33,Teacher,102982,386,40931,Default,,,,,,,,
APP0142,Katie Davis,52,Teacher,132747,500,40710,Default,,,,,,,,
APP0143,Alex Jones,59,Lawyer,78231,668,39693,Default,,,,,,,,
APP0144,Jane Johnson,52,Engineer,59301,376,40740,Default,,,,,,,,
APP0145,Michael Martinez,24,Engineer,48752,358,16705,Default,,,,,,,,
APP0146,Sarah Martinez,50,Lawyer,128452,730,48408,Default,,,,,,,,
APP0147,Katie Brown,57,Artist,174467,799,33047,Paid,,,,,,,,
APP0148,Chris Smith,43,Artist,151237,408,15966,Default,,,,,,,,
APP0149,Michael Davis,59,Artist,86273,577,22374,Default,,,,,,,,
APP0150,David Davis,65,Lawyer,121878,367,16138,Default,,,,,,,,
APP0151,Chris Williams,35,Engineer,34895,368,20935,Paid,,,,,,,,
APP0152,Sarah Rodriguez,63,Lawyer,149968,464,5489,Default,,,,,,,,
APP0153,Katie Jones,49,Lawyer,145700,788,49516,Paid,,,,,,,,
APP0154,Alex Garcia,56,Artist,106559,604,27260,Default,,,,,,,,
APP0155,Alex Martinez,33,Doctor,40699,664,31069,Paid,,,,,,,,
APP0156,Katie Brown,52,Engineer,39715,678,24275,Default,,,,,,,,
APP0157,Jane Davis,27,Artist,49169,642,41284,Default,,,,,,,,
APP0158,Emily Rodriguez,42,Doctor,148413,653,44178,Paid,,,,,,,,
APP0159,Michael Johnson,48,Doctor,177235,715,37821,Default,,,,,,,,
APP0160,Emily Jones,22,Teacher,149264,408,21999,Default,,,,,,,,
APP0161,Alex Rodriguez,62,Engineer,35782,796,43712,Paid,,,,,,,,
APP0162,Chris Johnson,65,Doctor,154481,640,45172,Default,,,,,,,,
APP0163,Alex Rodriguez,26,Artist,65585,682,38722,Default,,,,,,,,
APP0164,Michael Johnson,48,Teacher,60682,832,15625,Paid,,,,,,,,
APP0165,David Brown,48,Engineer,159992,599,6629,Paid,,,,,,,,
APP0166,David Johnson,64,Lawyer,114416,438,15973,Default,,,,,,,,
APP0167,Sarah Brown,64,Artist,157810,658,11859,Paid,,,,,,,,
APP0168,Chris Johnson,40,Doctor,68067,798,46609,Paid,,,,,,,,
APP0169,Sarah Smith,50,Doctor,48073,684,48307,Paid,,,,,,,,
APP0170,Michael Martinez,31,Artist,66035,579,41046,Default,,,,,,,,
APP0171,John Davis,48,Doctor,120373,782,26839,Paid,,,,,,,,
APP0172,Alex Martinez,45,Teacher,113362,410,32216,Default,,,,,,,,
APP0173,Katie Miller,59,Engineer,120517,438,23945,Default,,,,,,,,
APP0174,Sarah Smith,53,Teacher,95450,734,11539,Paid,,,,,,,,
APP0175,Katie Miller,21,Doctor,40382,808,38625,Paid,,,,,,,,
APP0176,Katie Brown,47,Lawyer,165509,572,9886,Paid,,,,,,,,
APP0177,John Rodriguez,33,Engineer,91929,398,12485,Default,,,,,,,,
APP0178,Emily Miller,61,Engineer,128864,403,36455,Default,,,,,,,,
APP0179,Michael Johnson,23,Artist,173401,513,21767,Default,,,,,,,,
APP0180,John Davis,59,Artist,55169,464,33453,Paid,,,,,,,,
APP0181,Laura Miller,26,Lawyer,117468,819,15744,Paid,,,,,,,,
APP0182,Laura Williams,28,Engineer,64594,583,42102,Default,,,,,,,,
APP0183,Jane Miller,47,Lawyer,75033,816,17226,Paid,,,,,,,,
APP0184,Laura Smith,29,Artist,93133,463,32869,Default,,,,,,,,
APP0185,Sarah Rodriguez,57,Artist,103861,363,27588,Default,,,,,,,,
APP0186,Emily Brown,53,Engineer,61750,390,18440,Default,,,,,,,,
APP0187,Alex Garcia,62,Teacher,70461,416,36709,Default,,,,,,,,
APP0188,John Garcia,64,Doctor,108222,566,27495,Default,,,,,,,,
APP0189,Jane Rodriguez,44,Artist,142020,439,42019,Default,,,,,,,,
APP0190,Jane Miller,35,Artist,54226,545,49948,Paid,,,,,,,,
APP0191,John Miller,52,Teacher,36721,694,5922,Default,,,,,,,,
APP0192,Chris Davis,52,Teacher,50609,786,32526,Paid,,,,,,,,
APP0193,Emily Martinez,44,Lawyer,160513,775,12957,Paid,,,,,,,,
APP0194,Michael Garcia,61,Lawyer,134211,816,38998,Paid,,,,,,,,
APP0195,Chris Brown,32,Doctor,166728,483,48395,Paid,,,,,,,,
APP0196,Michael Jones,59,Doctor,154865,319,29031,Default,,,,,,,,
APP0197,Chris Smith,22,Engineer,104520,823,15006,Paid,,,,,,,,
APP0198,Jane Jones,23,Lawyer,94309,828,42701,Paid,,,,,,,,
APP0199,Alex Johnson,57,Artist,59984,446,30939,Default,,,,,,,,
APP0200,Emily Brown,37,Lawyer,148947,603,25324,Default,,,,,,,,
APP0201,Emily Brown,22,Artist,35901,527,27867,Default,,,,,,,,
APP0202,Alex Miller,22,Teacher,192624,401,5203,Default,,,,,,,,
APP0203,David Jones,48,Lawyer,61055,716,21544,Paid,,,,,,,,
APP0204,Emily Johnson,43,Teacher,198757,515,20899,Default,,,,,,,,
APP0205,Jane Jones,57,Doctor,175788,706,34063,Default,,,,,,,,
APP0206,Michael Martinez,52,Doctor,144099,698,30344,Paid,,,,,,,,
APP0207,Sarah Rodriguez,53,Engineer,41138,798,8748,Paid,,,,,,,,
APP0208,Michael Jones,21,Lawyer,196370,764,44486,Paid,,,,,,,,
APP0209,Sarah Martinez,39,Teacher,53429,381,6093,Paid,,,,,,,,
APP0210,Sarah Garcia,22,Artist,80200,664,20228,Paid,,,,,,,,
APP0211,Alex Jones,64,Doctor,131268,462,25884,Default,,,,,,,,
APP0212,Laura Smith,46,Doctor,47347,347,30183,Default,,,,,,,,
APP0213,John Miller,52,Artist,177992,810,21034,Paid,,,,,,,,
APP0214,Chris Jones,26,Teacher,61822,628,10710,Paid,,,,,,,,
APP0215,John Rodriguez,52,Teacher,70108,415,47500,Paid,,,,,,,,
APP0216,John Jones,24,Lawyer,158955,636,24259,Default,,,,,,,,
APP0217,Sarah Rodriguez,31,Lawyer,37967,446,40959,Default,,,,,,,,
APP0218,Emily Davis,37,Engineer,140719,622,38457,Paid,,,,,,,,
APP0219,Katie Williams,58,Doctor,41871,742,25143,Paid,,,,,,,,
APP0220,Emily Johnson,44,Lawyer,194685,312,7103,Default,,,,,,,,
APP0221,John Davis,25,Teacher,58179,793,5365,Paid,,,,,,,,
APP0222,John Smith,54,Artist,85099,586,49535,Default,,,,,,,,
APP0223,Emily Martinez,26,Teacher,65262,413,21103,Default,,,,,,,,
APP0224,Sarah Garcia,42,Doctor,108213,779,37510,Paid,,,,,,,,
APP0225,David Smith,31,Teacher,147407,321,29476,Default,,,,,,,,
APP0226,Michael Martinez,36,Engineer,179340,648,17742,Default,,,,,,,,
APP0227,Chris Davis,53,Doctor,116269,619,17391,Default,,,,,,,,
APP0228,Michael Brown,29,Artist,90545,425,41940,Paid,,,,,,,,
APP0229,Emily Garcia,26,Engineer,69922,576,33901,Default,,,,,,,,
APP0230,Katie Rodriguez,36,Doctor,72913,503,37001,Paid,,,,,,,,
APP0231,Chris Davis,49,Artist,127033,493,20623,Default,,,,,,,,
APP0232,Chris Johnson,23,Engineer,134792,846,7378,Paid,,,,,,,,
APP0233,Katie Rodriguez,40,Engineer,149863,585,26372,Default,,,,,,,,
APP0234,Alex Smith,56,Doctor,186104,356,49799,Paid,,,,,,,,
APP0235,John Williams,39,Lawyer,198918,602,43437,Default,,,,,,,,
APP0236,Sarah Jones,46,Engineer,74936,462,40503,Default,,,,,,,,
APP0237,Alex Rodriguez,23,Engineer,190866,318,35746,Default,,,,,,,,
APP0238,Laura Williams,39,Artist,58141,669,32923,Paid,,,,,,,,
APP0239,David Garcia,40,Teacher,170146,563,14867,Default,,,,,,,,
APP0240,Michael Brown,52,Doctor,167478,412,46258,Default,,,,,,,,
APP0241,Emily Johnson,27,Doctor,127359,787,38724,Paid,,,,,,,,
APP0242,Chris Davis,61,Lawyer,153279,626,14306,Paid,,,,,,,,
APP0243,Michael Miller,53,Lawyer,184363,841,44391,Paid,,,,,,,,
APP0244,Katie Williams,60,Doctor,71568,364,19908,Default,,,,,,,,
APP0245,Chris Smith,59,Lawyer,127539,591,32081,Paid,,,,,,,,
APP0246,Michael Rodriguez,38,Artist,76851,324,42228,Default,,,,,,,,
APP0247,John Johnson,60,Doctor,84823,848,28386,Paid,,,,,,,,
APP0248,Alex Williams,21,Lawyer,53312,300,33302,Default,,,,,,,,
APP0249,Laura Miller,31,Doctor,195243,848,24212,Paid,,,,,,,,
APP0250,Katie Martinez,48,Teacher,128723,440,40618,Default,,,,,,,,
APP0251,Sarah Brown,45,Engineer,42411,487,15698,Default,,,,,,,,
APP0252,David Smith,43,Doctor,87009,427,9594,Default,,,,,,,,
APP0253,Jane Brown,51,Engineer,176494,500,30525,Paid,,,,,,,,
APP0254,Alex Smith,50,Lawyer,62371,426,19282,Paid,,,,,,,,
APP0255,Chris Miller,62,Engineer,87022,556,19334,Paid,,,,,,,,
APP0256,Jane Jones,55,Doctor,101229,846,34179,Paid,,,,,,,,
APP0257,Katie Miller,27,Teacher,129071,493,11644,Default,,,,,,,,
APP0258,John Miller,36,Lawyer,126774,403,40618,Default,,,,,,,,
APP0259,Emily Davis,46,Doctor,56715,834,37933,Paid,,,,,,,,
APP0260,Emily Garcia,22,Lawyer,57605,564,48469,Default,,,,,,,,
APP0261,David Jones,21,Artist,129853,683,38687,Paid,,,,,,,,
APP0262,Emily Davis,32,Engineer,61174,559,46073,Paid,,,,,,,,
APP0263,David Brown,25,Artist,171028,713,22375,Default,,,,,,,,
APP0264,Alex Davis,57,Doctor,106373,657,35926,Paid,,,,,,,,
APP0265,Chris Johnson,52,Teacher,99252,374,41607,Default,,,,,,,,
APP0266,Sarah Rodriguez,29,Lawyer,100017,654,22642,Default,,,,,,,,
APP0267,Alex Johnson,61,Engineer,93037,487,28993,Paid,,,,,,,,
APP0268,John Davis,55,Lawyer,119818,589,49386,Default,,,,,,,,
APP0269,Alex Miller,39,Doctor,36548,344,26188,Default,,,,,,,,
APP0270,John Smith,36,Lawyer,146981,382,37596,Default,,,,,,,,
APP0271,David Davis,23,Engineer,184249,422,32772,Default,,,,,,,,
APP0272,Alex Garcia,40,Doctor,54022,657,35857,Paid,,,,,,,,
APP0273,Alex Brown,44,Lawyer,136297,827,15776,Paid,,,,,,,,
APP0274,John Jones,53,Teacher,166614,365,37835,Default,,,,,,,,
APP0275,John Smith,44,Doctor,90428,674,14788,Default,,,,,,,,
APP0276,Sarah Miller,31,Doctor,183812,461,10660,Default,,,,,,,,
APP0277,Katie Johnson,28,Teacher,89353,679,9478,Default,,,,,,,,
APP0278,Jane Miller,56,Artist,143132,657,13210,Default,,,,,,,,
APP0279,John Johnson,58,Engineer,46052,487,15922,Paid,,,,,,,,
APP0280,Laura Garcia,60,Artist,130689,621,41289,Default,,,,,,,,
APP0281,Jane Miller,40,Lawyer,161743,749,38340,Paid,,,,,,,,
APP0282,Emily Johnson,55,Teacher,30163,773,44850,Default,,,,,,,,
APP0283,Katie Rodriguez,45,Artist,71424,312,43163,Default,,,,,,,,
APP0284,David Davis,55,Doctor,171706,483,23642,Paid,,,,,,,,
APP0285,Alex Williams,45,Lawyer,165870,410,16094,Default,,,,,,,,
APP0286,Jane Jones,49,Lawyer,52420,807,27423,Paid,,,,,,,,
APP0287,Emily Miller,38,Artist,150575,589,38418,Default,,,,,,,,
APP0288,Emily Rodriguez,38,Artist,59300,594,10741,Paid,,,,,,,,
APP0289,Jane Garcia,22,Teacher,119881,750,11838,Paid,,,,,,,,
APP0290,Michael Brown,55,Engineer,40749,514,8262,Paid,,,,,,,,
APP0291,Katie Miller,36,Artist,134131,326,9996,Default,,,,,,,,
APP0292,Emily Davis,61,Artist,186193,530,49594,Default,,,,,,,,
APP0293,David Smith,56,Doctor,158563,620,27164,Paid,,,,,,,,
APP0294,Michael Rodriguez,53,Lawyer,67487,532,40595,Paid,,,,,,,,
APP0295,Sarah Jones,24,Engineer,194433,736,35257,Paid,,,,,,,,
APP0296,Jane Martinez,53,Doctor,51223,832,19211,Paid,,,,,,,,
APP0297,Katie Miller,34,Teacher,102930,702,35453,Paid,,,,,,,,
APP0298,Jane Johnson,41,Teacher,175128,352,10232,Default,,,,,,,,
APP0299,Sarah Martinez,40,Artist,58380,612,7217,Default,,,,,,,,
APP0300,John Brown,28,Artist,56035,580,29229,Default,,,,,,,,
APP0301,Michael Rodriguez,27,Teacher,60620,330,19232,Default,,,,,,,,
APP0302,Alex Miller,23,Artist,180949,636,30613,Default,,,,,,,,
APP0303,Michael Miller,37,Engineer,147360,482,19026,Paid,,,,,,,,
APP0304,Jane Garcia,53,Artist,83352,322,33554,Default,,,,,,,,
APP0305,Jane Garcia,32,Lawyer,191983,843,35908,Paid,,,,,,,,
APP0306,Sarah Williams,42,Artist,193856,745,24610,Paid,,,,,,,,
APP0307,Jane Garcia,42,Doctor,33191,373,44605,Default,,,,,,,,
APP0308,Jane Jones,50,Engineer,194232,309,12031,Default,,,,,,,,
APP0309,Jane Williams,58,Doctor,120536,783,30515,Paid,,,,,,,,
APP0310,Alex Garcia,58,Doctor,134576,755,41484,Paid,,,,,,,,
APP0311,Katie Martinez,65,Lawyer,33631,459,41182,Paid,,,,,,,,
APP0312,Alex Williams,28,Engineer,167244,313,5570,Default,,,,,,,,
APP0313,John Miller,47,Engineer,72080,477,37254,Paid,,,,,,,,
APP0314,Laura Johnson,47,Engineer,120353,711,24288,Paid,,,,,,,,
APP0315,Emily Martinez,54,Engineer,181353,352,18288,Default,,,,,,,,
APP0316,Michael Davis,41,Engineer,58671,707,34877,Paid,,,,,,,,
APP0317,John Brown,50,Lawyer,152811,321,23889,Default,,,,,,,,
APP0318,Katie Williams,53,Artist,157734,329,5917,Default,,,,,,,,
APP0319,Chris Martinez,48,Doctor,189674,559,15066,Paid,,,,,,,,
APP0320,David Williams,53,Engineer,81399,504,34504,Default,,,,,,,,
APP0321,Chris Davis,25,Artist,184544,358,11982,Paid,,,,,,,,
APP0322,Katie Brown,39,Artist,37099,770,44104,Paid,,,,,,,,
APP0323,Laura Williams,24,Doctor,186503,765,23062,Paid,,,,,,,,
APP0324,Alex Brown,55,Lawyer,86492,311,21999,Default,,,,,,,,
APP0325,David Jones,37,Teacher,126722,589,14941,Paid,,,,,,,,
APP0326,Laura Garcia,64,Teacher,60111,653,28470,Paid,,,,,,,,
APP0327,Alex Davis,48,Artist,93936,374,26133,Paid,,,,,,,,
APP0328,David Davis,50,Doctor,183686,740,49435,Paid,,,,,,,,
APP0329,Emily Garcia,49,Teacher,90920,540,9529,Paid,,,,,,,,
APP0330,John Brown,26,Artist,93530,453,22519,Default,,,,,,,,
APP0331,Laura Smith,55,Lawyer,197296,395,17192,Default,,,,,,,,
APP0332,Alex Smith,61,Teacher,37788,593,13566,Default,,,,,,,,
APP0333,David Johnson,57,Artist,58082,508,12226,Default,,,,,,,,
APP0334,David Brown,44,Artist,153287,642,42930,Paid,,,,,,,,
APP0335,Jane Brown,49,Engineer,119570,387,26259,Default,,,,,,,,
APP0336,Sarah Garcia,51,Lawyer,131015,689,39087,Default,,,,,,,,
APP0337,Michael Williams,55,Engineer,113588,624,6141,Paid,,,,,,,,
APP0338,Alex Martinez,53,Doctor,177603,456,9627,Default,,,,,,,,
APP0339,Laura Jones,41,Engineer,118340,436,7690,Default,,,,,,,,
APP0340,Emily Miller,52,Engineer,124439,727,45091,Paid,,,,,,,,
APP0341,Michael Rodriguez,43,Teacher,171214,751,8255,Paid,,,,,,,,
APP0342,David Jones,53,Artist,145053,440,10213,Default,,,,,,,,
APP0343,Laura Martinez,23,Lawyer,78355,382,41876,Default,,,,,,,,
APP0344,John Rodriguez,38,Engineer,170938,476,24404,Default,,,,,,,,
APP0345,Laura Garcia,45,Lawyer,155426,497,30380,Paid,,,,,,,,
APP0346,Alex Williams,62,Engineer,94027,720,30520,Paid,,,,,,,,
APP0347,Laura Jones,51,Doctor,189210,700,24173,Default,,,,,,,,
APP0348,Sarah Miller,23,Engineer,122601,770,28989,Default,,,,,,,,
APP0349,Chris Davis,60,Teacher,59956,517,47570,Paid,,,,,,,,
APP0350,Sarah Martinez,44,Artist,134797,474,29519,Paid,,,,,,,,
APP0351,Emily Johnson,52,Doctor,154917,322,27439,Default,,,,,,,,
APP0352,Alex Davis,42,Engineer,156303,534,16413,Default,,,,,,,,
APP0353,Michael Johnson,43,Lawyer,166511,312,19995,Default,,,,,,,,
APP0354,Katie Rodriguez,22,Doctor,72533,400,28559,Default,,,,,,,,
APP0355,Emily Rodriguez,47,Doctor,189342,835,28513,Paid,,,,,,,,
APP0356,Jane Johnson,62,Engineer,108815,822,10021,Paid,,,,,,,,
APP0357,David Miller,22,Doctor,69279,751,37464,Paid,,,,,,,,
APP0358,Michael Smith,46,Lawyer,139787,730,26119,Default,,,,,,,,
APP0359,Katie Miller,37,Doctor,184960,832,34299,Paid,,,,,,,,
APP0360,Katie Garcia,60,Lawyer,178702,592,44350,Paid,,,,,,,,
APP0361,Jane Garcia,53,Engineer,91063,400,30517,Default,,,,,,,,
APP0362,Emily Rodriguez,29,Artist,157896,801,18117,Paid,,,,,,,,
APP0363,John Davis,63,Doctor,196216,603,27250,Default,,,,,,,,
APP0364,Chris Smith,59,Artist,127661,839,23950,Paid,,,,,,,,
APP0365,Emily Smith,49,Lawyer,168051,654,22359,Default,,,,,,,,
APP0366,Katie Johnson,62,Doctor,187261,602,28596,Default,,,,,,,,
APP0367,Chris Miller,46,Teacher,153257,795,30530,Paid,,,,,,,,
APP0368,Jane Garcia,55,Artist,116205,526,6262,Default,,,,,,,,
APP0369,Katie Jones,45,Doctor,36910,535,45150,Paid,,,,,,,,
APP0370,Chris Williams,44,Artist,76857,754,27615,Paid,,,,,,,,
APP0371,Sarah Martinez,33,Doctor,64964,312,8327,Default,,,,,,,,
APP0372,Jane Miller,27,Engineer,186299,509,34768,Paid,,,,,,,,
APP0373,John Garcia,56,Artist,167050,696,33850,Paid,,,,,,,,
APP0374,Katie Williams,65,Teacher,47153,399,47788,Paid,,,,,,,,
APP0375,Jane Johnson,40,Teacher,89765,330,21848,Default,,,,,,,,
APP0376,David Jones,21,Lawyer,138212,827,44542,Paid,,,,,,,,
APP0377,Michael Jones,28,Doctor,69071,628,20160,Paid,,,,,,,,
APP0378,Michael Brown,36,Artist,142990,465,38998,Default,,,,,,,,
APP0379,Laura Martinez,34,Lawyer,99519,758,32230,Paid,,,,,,,,
APP0380,Sarah Miller,32,Artist,39503,399,14076,Default,,,,,,,,
APP0381,Sarah Jones,43,Doctor,125457,472,8805,Default,,,,,,,,
APP0382,Katie Jones,35,Teacher,177977,461,36085,Paid,,,,,,,,
APP0383,Michael Johnson,48,Engineer,75838,562,19715,Paid,,,,,,,,
APP0384,Chris Martinez,54,Teacher,155200,573,10750,Paid,,,,,,,,
APP0385,Alex Rodriguez,22,Lawyer,119489,302,18232,Default,,,,,,,,
APP0386,Katie Martinez,52,Engineer,56806,327,40903,Default,,,,,,,,
APP0387,Alex Miller,43,Lawyer,183240,625,11953,Paid,,,,,,,,
APP0388,Emily Williams,42,Doctor,100119,448,37093,Paid,,,,,,,,
APP0389,Laura Brown,45,Engineer,68714,839,30500,Paid,,,,,,,,
APP0390,John Garcia,42,Lawyer,85419,787,27418,Paid,,,,,,,,
APP0391,Sarah Smith,42,Doctor,135432,737,39314,Paid,,,,,,,,
APP0392,Chris Miller,62,Teacher,122949,364,27449,Paid,,,,,,,,
APP0393,Katie Johnson,26,Doctor,163533,655,22478,Paid,,,,,,,,
APP0394,Emily Johnson,35,Artist,175363,832,40179,Paid,,,,,,,,
APP0395,John Williams,63,Doctor,106971,551,30338,Paid,,,,,,,,
APP0396,Alex Miller,57,Doctor,123471,534,31899,Paid,,,,,,,,
APP0397,John Rodriguez,53,Artist,94946,526,9145,Paid,,,,,,,,
APP0398,Katie Brown,28,Lawyer,128989,824,37101,Paid,,,,,,,,
APP0399,Alex Williams,64,Lawyer,114080,612,7775,Paid,,,,,,,,
APP0400,Jane Johnson,64,Doctor,107794,348,36647,Default,,,,,,,,
APP0401,Sarah Jones,25,Artist,60841,417,24539,Default,,,,,,,,
APP0402,David Johnson,59,Artist,154447,353,41738,Default,,,,,,,,
APP0403,Jane Garcia,24,Teacher,150029,343,31616,Default,,,,,,,,
APP0404,Sarah Johnson,26,Lawyer,106272,352,19119,Default,,,,,,,,
APP0405,Emily Garcia,65,Engineer,67643,824,30159,Paid,,,,,,,,
APP0406,Chris Smith,52,Lawyer,73950,401,42099,Default,,,,,,,,
APP0407,Katie Smith,50,Lawyer,130500,697,15295,Paid,,,,,,,,
APP0408,Alex Martinez,55,Teacher,189116,437,39710,Paid,,,,,,,,
APP0409,Chris Martinez,60,Engineer,155588,686,29685,Paid,,,,,,,,
APP0410,Chris Martinez,36,Teacher,45997,410,30479,Default,,,,,,,,
APP0411,Katie Martinez,33,Engineer,109751,316,38629,Default,,,,,,,,
APP0412,Laura Jones,62,Doctor,128605,481,47043,Default,,,,,,,,
APP0413,John Jones,50,Engineer,184983,835,22033,Paid,,,,,,,,
APP0414,Alex Brown,39,Teacher,85533,840,41902,Paid,,,,,,,,
APP0415,Laura Miller,37,Lawyer,112566,470,49571,Default,,,,,,,,
APP0416,Chris Johnson,39,Engineer,175643,708,20408,Default,,,,,,,,
APP0417,Katie Garcia,48,Engineer,138255,677,22420,Paid,,,,,,,,
APP0418,Sarah Martinez,46,Artist,88005,487,21351,Paid,,,,,,,,
APP0419,Katie Rodriguez,57,Lawyer,73541,529,9131,Default,,,,,,,,
APP0420,Laura Davis,46,Doctor,53387,418,49825,Paid,,,,,,,,
APP0421,John Jones,43,Teacher,123980,455,16349,Paid,,,,,,,,
APP0422,Michael Garcia,29,Doctor,115457,764,49254,Paid,,,,,,,,
APP0423,Chris Davis,32,Lawyer,174129,403,43225,Default,,,,,,,,
APP0424,Alex Garcia,21,Engineer,94028,801,43847,Default,,,,,,,,
APP0425,Chris Davis,21,Engineer,149246,474,17453,Paid,,,,,,,,
APP0426,Emily Davis,54,Lawyer,85731,720,23814,Paid,,,,,,,,
APP0427,Sarah Johnson,52,Engineer,185930,433,23263,Paid,,,,,,,,
APP0428,David Rodriguez,45,Engineer,74638,690,17158,Default,,,,,,,,
APP0429,Sarah Martinez,60,Engineer,50567,800,20735,Paid,,,,,,,,
APP0430,Katie Brown,65,Teacher,190811,332,20830,Default,,,,,,,,
APP0431,Emily Garcia,21,Teacher,87804,354,49673,Default,,,,,,,,
APP0432,Chris Garcia,36,Artist,138821,818,28926,Paid,,,,,,,,
APP0433,Michael Miller,59,Doctor,33754,311,39779,Default,,,,,,,,
APP0434,David Davis,25,Lawyer,57044,827,8373,Paid,,,,,,,,
APP0435,Katie Garcia,42,Lawyer,97260,672,15335,Paid,,,,,,,,
APP0436,Chris Smith,49,Lawyer,96912,783,28741,Paid,,,,,,,,
APP0437,David Rodriguez,23,Artist,38706,527,15692,Default,,,,,,,,
APP0438,David Davis,32,Teacher,38894,606,39057,Default,,,,,,,,
APP0439,Sarah Williams,46,Artist,179109,756,6447,Default,,,,,,,,
APP0440,John Davis,36,Lawyer,113986,459,24583,Default,,,,,,,,
APP0441,Michael Jones,57,Doctor,111942,630,27765,Default,,,,,,,,
APP0442,Sarah Miller,42,Engineer,59725,524,28906,Default,,,,,,,,
APP0443,Sarah Brown,49,Teacher,166998,803,24567,Paid,,,,,,,,
APP0444,David Martinez,34,Teacher,134555,755,19139,Paid,,,,,,,,
APP0445,Jane Rodriguez,48,Artist,39496,344,43230,Default,,,,,,,,
APP0446,David Jones,25,Teacher,86447,513,24520,Default,,,,,,,,
APP0447,John Miller,50,Lawyer,131604,358,24702,Paid,,,,,,,,
APP0448,Sarah Martinez,25,Lawyer,190878,494,30566,Default,,,,,,,,
APP0449,Emily Rodriguez,32,Artist,118199,788,12657,Paid,,,,,,,,
APP0450,Katie Williams,36,Lawyer,71321,456,42688,Default,,,,,,,,
APP0451,Katie Martinez,46,Doctor,183728,525,35134,Default,,,,,,,,
APP0452,Katie Jones,46,Artist,85147,711,15345,Paid,,,,,,,,
APP0453,Jane Martinez,41,Doctor,121396,504,46185,Paid,,,,,,,,
APP0454,Sarah Johnson,59,Engineer,68787,378,32413,Default,,,,,,,,
APP0455,Michael Johnson,56,Doctor,51727,423,10208,Default,,,,,,,,
APP0456,Katie Jones,53,Engineer,125081,770,38455,Paid,,,,,,,,
APP0457,Emily Miller,50,Engineer,152721,517,33018,Default,,,,,,,,
APP0458,Laura Brown,57,Doctor,98056,815,13080,Paid,,,,,,,,
APP0459,John Smith,43,Artist,164153,403,26902,Paid,,,,,,,,
APP0460,John Smith,30,Lawyer,195268,692,14486,Default,,,,,,,,
APP0461,Chris Brown,25,Lawyer,197807,733,43862,Paid,,,,,,,,
APP0462,David Williams,56,Engineer,110102,630,26158,Default,,,,,,,,
APP0463,Michael Davis,54,Engineer,186570,442,45460,Default,,,,,,,,
APP0464,Katie Martinez,51,Artist,106865,839,48856,Paid,,,,,,,,
APP0465,John Davis,30,Teacher,192728,577,40871,Paid,,,,,,,,
APP0466,Sarah Williams,39,Doctor,97695,532,40208,Default,,,,,,,,
APP0467,Laura Brown,52,Engineer,198972,828,25519,Paid,,,,,,,,
APP0468,Laura Smith,21,Lawyer,147235,389,36379,Paid,,,,,,,,
APP0469,Alex Garcia,25,Artist,138777,791,33378,Paid,,,,,,,,
APP0470,David Johnson,65,Doctor,49033,498,44892,Paid,,,,,,,,
APP0471,John Martinez,24,Artist,171877,661,19031,Paid,,,,,,,,
APP0472,Alex Brown,36,Doctor,196923,740,19536,Paid,,,,,,,,
APP0473,Chris Williams,44,Doctor,56832,325,5446,Default,,,,,,,,
APP0474,Sarah Johnson,36,Engineer,145725,324,41683,Default,,,,,,,,
APP0475,Jane Miller,22,Artist,175016,693,22618,Paid,,,,,,,,
APP0476,David Martinez,48,Artist,49873,806,11587,Paid,,,,,,,,
APP0477,Jane Miller,52,Lawyer,70372,600,36480,Default,,,,,,,,
APP0478,Michael Miller,47,Lawyer,119464,638,37994,Default,,,,,,,,
APP0479,Alex Miller,40,Engineer,176451,566,25527,Paid,,,,,,,,
APP0480,John Martinez,44,Engineer,147322,760,28569,Paid,,,,,,,,
APP0481,John Jones,32,Teacher,197823,755,16151,Default,,,,,,,,
APP0482,Jane Rodriguez,55,Lawyer,130082,659,10558,Default,,,,,,,,
APP0483,Michael Brown,53,Doctor,35110,367,49739,Default,,,,,,,,
APP0484,Emily Johnson,53,Artist,42087,711,37954,Paid,,,,,,,,
APP0485,Chris Brown,63,Engineer,184834,790,48837,Paid,,,,,,,,
APP0486,John Davis,57,Artist,112617,348,40303,Default,,,,,,,,
APP0487,Alex Garcia,32,Artist,130483,401,39700,Paid,,,,,,,,
APP0488,Emily Rodriguez,23,Teacher,39596,515,32500,Paid,,,,,,,,
APP0489,Michael Rodriguez,21,Lawyer,137539,737,7032,Default,,,,,,,,
APP0490,Sarah Williams,53,Engineer,48313,458,6252,Paid,,,,,,,,
APP0491,John Jones,60,Artist,143175,788,10509,Paid,,,,,,,,
APP0492,Alex Garcia,30,Engineer,144914,541,42842,Paid,,,,,,,,
APP0493,Laura Brown,63,Doctor,53705,304,18900,Default,,,,,,,,
APP0494,Chris Jones,64,Teacher,103445,660,19523,Paid,,,,,,,,
APP0495,Emily Brown,49,Doctor,133892,758,6881,Paid,,,,,,,,
APP0496,Emily Brown,33,Engineer,32023,547,38037,Default,,,,,,,,
APP0497,Emily Jones,32,Engineer,149654,721,6630,Default,,,,,,,,
APP0498,Jane Johnson,51,Lawyer,110073,314,25789,Default,,,,,,,,
APP0499,David Johnson,22,Artist,122197,421,27523,Default,,,,,,,,
APP0500,Katie Johnson,55,Artist,94429,576,22958,Default,,,,,,,,
APP0501,Chris Brown,43,Doctor,134195,752,48852,Paid,,,,,,,,
APP0502,Michael Miller,37,Teacher,63848,689,6695,Paid,,,,,,,,
APP0503,Katie Martinez,46,Artist,198876,593,19821,Paid,,,,,,,,
APP0504,Chris Smith,28,Lawyer,176451,745,8262,Paid,,,,,,,,
APP0505,Alex Rodriguez,49,Doctor,57766,509,6445,Default,,,,,,,,
APP0506,John Jones,46,Doctor,98099,601,21436,Default,,,,,,,,
APP0507,Jane Brown,30,Lawyer,197132,522,14949,Paid,,,,,,,,
APP0508,John Williams,46,Teacher,99122,302,28963,Default,,,,,,,,
APP0509,Sarah Miller,54,Lawyer,177159,817,34932,Paid,,,,,,,,
APP0510,Sarah Williams,61,Teacher,78868,392,11901,Default,,,,,,,,
APP0511,Emily Johnson,27,Lawyer,149119,819,38487,Paid,,,,,,,,
APP0512,Alex Rodriguez,24,Lawyer,184297,727,13597,Paid,,,,,,,,
APP0513,Alex Jones,65,Engineer,125286,792,11855,Paid,,,,,,,,
APP0514,Jane Brown,31,Doctor,36643,534,23678,Paid,,,,,,,,
APP0515,Michael Miller,49,Lawyer,66727,460,13263,Default,,,,,,,,
APP0516,Alex Jones,56,Lawyer,172077,630,30805,Default,,,,,,,,
APP0517,John Martinez,45,Artist,139079,632,31143,Paid,,,,,,,,
APP0518,Sarah Martinez,41,Doctor,95697,349,16874,Default,,,,,,,,
APP0519,John Jones,56,Artist,46029,822,32529,Paid,,,,,,,,
APP0520,Sarah Rodriguez,30,Doctor,175298,791,25866,Paid,,,,,,,,
APP0521,John Smith,57,Artist,189803,571,19079,Default,,,,,,,,
APP0522,Emily Brown,29,Lawyer,139458,551,12243,Paid,,,,,,,,
APP0523,Jane Rodriguez,44,Lawyer,140384,389,34872,Default,,,,,,,,
APP0524,David Johnson,55,Engineer,98926,745,14018,Paid,,,,,,,,
APP0525,David Garcia,55,Artist,167069,631,17100,Paid,,,,,,,,
APP0526,Laura Martinez,56,Teacher,85506,438,24800,Default,,,,,,,,
APP0527,Emily Johnson,38,Engineer,108229,656,31910,Paid,,,,,,,,
APP0528,Jane Rodriguez,59,Artist,72092,573,34437,Paid,,,,,,,,
APP0529,John Miller,52,Artist,92539,318,42588,Default,,,,,,,,
APP0530,Alex Williams,44,Engineer,182889,610,16001,Default,,,,,,,,
APP0531,Jane Martinez,43,Lawyer,198933,453,24942,Default,,,,,,,,
APP0532,Katie Martinez,52,Artist,43428,689,25862,Default,,,,,,,,
APP0533,Jane Martinez,57,Lawyer,171330,559,16669,Paid,,,,,,,,
APP0534,Emily Martinez,32,Engineer,87775,424,20916,Paid,,,,,,,,
APP0535,David Rodriguez,33,Lawyer,35469,653,15878,Paid,,,,,,,,
APP0536,Katie Brown,43,Doctor,58854,572,7985,Paid,,,,,,,,
APP0537,Michael Smith,45,Teacher,167328,544,37369,Paid,,,,,,,,
APP0538,Emily Jones,55,Artist,106256,749,13112,Paid,,,,,,,,
APP0539,Laura Johnson,61,Teacher,195009,546,46235,Default,,,,,,,,
APP0540,Chris Garcia,50,Lawyer,129134,819,23931,Paid,,,,,,,,
APP0541,Chris Rodriguez,37,Artist,162723,440,32340,Default,,,,,,,,
APP0542,Sarah Smith,40,Lawyer,114730,661,5336,Paid,,,,,,,,
APP0543,Alex Johnson,45,Doctor,186123,307,47933,Default,,,,,,,,
APP0544,Alex Martinez,42,Engineer,57386,777,24363,Paid,,,,,,,,
APP0545,David Rodriguez,33,Artist,177256,651,8968,Default,,,,,,,,
APP0546,Sarah Johnson,39,Doctor,63787,794,38678,Paid,,,,,,,,
APP0547,Alex Brown,56,Doctor,51621,726,21279,Paid,,,,,,,,
APP0548,David Williams,32,Artist,107984,338,8129,Default,,,,,,,,
APP0549,Michael Williams,61,Lawyer,64051,486,43215,Paid,,,,,,,,
APP0550,Michael Miller,39,Doctor,79811,392,43897,Paid,,,,,,,,
APP0551,David Johnson,32,Teacher,60447,385,10850,Default,,,,,,,,
APP0552,Katie Rodriguez,29,Doctor,158046,343,25588,Paid,,,,,,,,
APP0553,Jane Johnson,27,Lawyer,191326,436,45214,Paid,,,,,,,,
APP0554,Chris Martinez,48,Lawyer,114045,720,16949,Paid,,,,,,,,
APP0555,Sarah Martinez,34,Teacher,146859,373,13519,Default,,,,,,,,
APP0556,Laura Rodriguez,51,Doctor,175544,847,31375,Paid,,,,,,,,
APP0557,Jane Jones,39,Lawyer,33471,811,38082,Paid,,,,,,,,
APP0558,Michael Garcia,36,Artist,150312,455,16737,Default,,,,,,,,
APP0559,Katie Miller,25,Engineer,169401,554,6134,Paid,,,,,,,,
APP0560,Alex Williams,55,Engineer,195937,470,15938,Default,,,,,,,,
APP0561,Sarah Rodriguez,32,Engineer,76850,469,29486,Paid,,,,,,,,
APP0562,Laura Jones,45,Doctor,84220,621,31096,Default,,,,,,,,
APP0563,Katie Martinez,41,Teacher,123808,755,46115,Paid,,,,,,,,
APP0564,John Martinez,56,Lawyer,167469,454,10592,Default,,,,,,,,
APP0565,John Brown,43,Artist,196597,648,23108,Default,,,,,,,,
APP0566,Jane Miller,36,Artist,83072,750,22270,Paid,,,,,,,,
APP0567,Jane Martinez,59,Doctor,113820,472,32649,Paid,,,,,,,,
APP0568,Jane Jones,65,Engineer,53284,309,15997,Default,,,,,,,,
APP0569,Emily Davis,62,Doctor,113369,564,38489,Paid,,,,,,,,
APP0570,Emily Garcia,59,Teacher,55122,737,14104,Paid,,,,,,,,
APP0571,Chris Johnson,34,Teacher,160349,546,5870,Paid,,,,,,,,
APP0572,Laura Johnson,51,Lawyer,100553,845,33684,Paid,,,,,,,,
APP0573,David Rodriguez,25,Lawyer,124788,798,44519,Paid,,,,,,,,
APP0574,Alex Brown,55,Teacher,92812,428,39524,Default,,,,,,,,
APP0575,Laura Rodriguez,43,Teacher,37999,626,35957,Default,,,,,,,,
APP0576,Alex Jones,49,Teacher,52436,703,38885,Paid,,,,,,,,
APP0577,Laura Williams,63,Doctor,72963,658,49369,Paid,,,,,,,,
APP0578,Michael Davis,31,Teacher,163168,316,40596,Default,,,,,,,,
APP0579,Sarah Williams,38,Artist,186351,573,34866,Paid,,,,,,,,
APP0580,Jane Martinez,32,Engineer,138899,415,35676,Default,,,,,,,,
APP0581,Michael Rodriguez,29,Teacher,56201,390,18878,Default,,,,,,,,
APP0582,John Williams,30,Engineer,180787,381,44760,Default,,,,,,,,
APP0583,Chris Williams,64,Doctor,190381,623,32559,Paid,,,,,,,,
APP0584,John Miller,37,Engineer,176150,413,11771,Paid,,,,,,,,
APP0585,Michael Martinez,58,Doctor,35105,357,21526,Default,,,,,,,,
APP0586,Laura Jones,27,Artist,147666,453,34896,Default,,,,,,,,
APP0587,Sarah Jones,33,Doctor,124848,703,36923,Paid,,,,,,,,
APP0588,Chris Smith,60,Doctor,32839,565,41203,Default,,,,,,,,
APP0589,Sarah Jones,62,Lawyer,98920,614,44390,Paid,,,,,,,,
APP0590,Katie Smith,29,Teacher,73619,340,17852,Default,,,,,,,,
APP0591,Michael Smith,47,Teacher,72821,404,48391,Default,,,,,,,,
APP0592,Jane Johnson,22,Artist,155736,492,6848,Paid,,,,,,,,
APP0593,Chris Martinez,25,Artist,174565,700,36027,Paid,,,,,,,,
APP0594,Michael Smith,49,Teacher,47069,577,40464,Default,,,,,,,,
APP0595,Sarah Smith,57,Lawyer,37531,653,39485,Default,,,,,,,,
APP0596,John Garcia,58,Teacher,198123,555,24456,Default,,,,,,,,
APP0597,Jane Smith,39,Lawyer,168808,398,14259,Default,,,,,,,,
APP0598,Katie Johnson,28,Artist,168782,581,40554,Default,,,,,,,,
APP0599,Katie Martinez,65,Engineer,97155,702,18409,Paid,,,,,,,,
APP0600,Laura Johnson,21,Artist,175047,408,8791,Default,,,,,,,,
APP0601,David Davis,42,Artist,92424,498,30864,Paid,,,,,,,,
APP0602,Sarah Smith,37,Doctor,75603,602,41639,Paid,,,,,,,,
APP0603,Michael Martinez,27,Doctor,184324,626,39574,Default,,,,,,,,
APP0604,Katie Garcia,45,Doctor,162503,453,22888,Default,,,,,,,,
APP0605,Katie Garcia,65,Doctor,198553,704,24692,Paid,,,,,,,,
APP0606,Sarah Miller,24,Lawyer,122573,761,28501,Paid,,,,,,,,
APP0607,Alex Garcia,56,Teacher,170629,431,18304,Paid,,,,,,,,
APP0608,Alex Miller,26,Engineer,133302,383,32527,Default,,,,,,,,
APP0609,Michael Davis,51,Artist,161234,698,23074,Paid,,,,,,,,
APP0610,Jane Rodriguez,39,Lawyer,195814,408,20549,Default,,,,,,,,
APP0611,Chris Rodriguez,64,Engineer,49675,520,34963,Default,,,,,,,,
APP0612,Sarah Jones,59,Lawyer,103997,667,30920,Paid,,,,,,,,
APP0613,Michael Rodriguez,47,Lawyer,178087,446,35826,Default,,,,,,,,
APP0614,Emily Johnson,30,Artist,193663,411,41071,Paid,,,,,,,,
APP0615,David Johnson,46,Teacher,170905,793,21061,Paid,,,,,,,,
APP0616,Alex Martinez,39,Doctor,37896,804,33810,Paid,,,,,,,,
APP0617,Jane Williams,59,Teacher,194044,774,27800,Default,,,,,,,,
APP0618,Katie Williams,23,Artist,79733,570,48423,Default,,,,,,,,
APP0619,Sarah Davis,65,Artist,71800,720,46692,Default,,,,,,,,
APP0620,Katie Miller,33,Artist,126044,666,14940,Paid,,,,,,,,
APP0621,John Williams,48,Engineer,35347,579,8924,Paid,,,,,,,,
APP0622,Alex Johnson,40,Teacher,163715,582,33054,Paid,,,,,,,,
APP0623,Michael Rodriguez,48,Teacher,70785,339,14783,Default,,,,,,,,
APP0624,Emily Jones,28,Lawyer,48681,488,42253,Paid,,,,,,,,
APP0625,Alex Rodriguez,61,Lawyer,133864,463,18233,Paid,,,,,,,,
APP0626,Emily Jones,59,Lawyer,176964,835,29484,Paid,,,,,,,,
APP0627,John Johnson,21,Artist,77299,835,30068,Paid,,,,,,,,
APP0628,David Johnson,23,Teacher,47073,303,5191,Default,,,,,,,,
APP0629,Chris Davis,33,Artist,132304,589,30074,Default,,,,,,,,
APP0630,Alex Garcia,48,Engineer,60682,732,9917,Paid,,,,,,,,
APP0631,Emily Miller,45,Lawyer,154302,770,43599,Paid,,,,,,,,
APP0632,Sarah Williams,53,Artist,175361,480,30832,Default,,,,,,,,
APP0633,Katie Martinez,58,Artist,145359,547,47928,Paid,,,,,,,,
APP0634,David Martinez,26,Engineer,168999,578,25706,Paid,,,,,,,,
APP0635,John Williams,64,Doctor,96707,553,18682,Paid,,,,,,,,
APP0636,Jane Davis,65,Teacher,95428,480,31762,Paid,,,,,,,,
APP0637,Michael Johnson,52,Doctor,80601,808,28383,Paid,,,,,,,,
APP0638,Katie Williams,65,Lawyer,163611,625,32796,Paid,,,,,,,,
APP0639,Laura Martinez,41,Artist,141487,656,28666,Paid,,,,,,,,
APP0640,Alex Martinez,36,Engineer,183741,690,30662,Paid,,,,,,,,
APP0641,David Smith,41,Engineer,181716,384,39642,Default,,,,,,,,
APP0642,Chris Williams,31,Teacher,179817,616,46830,Default,,,,,,,,
APP0643,Katie Martinez,57,Doctor,58228,511,42531,Default,,,,,,,,
APP0644,Jane Rodriguez,56,Teacher,195593,814,15234,Paid,,,,,,,,
APP0645,Katie Miller,55,Artist,152788,683,14221,Paid,,,,,,,,
APP0646,Chris Rodriguez,39,Teacher,127239,641,16410,Default,,,,,,,,
APP0647,John Jones,40,Engineer,56928,337,19519,Default,,,,,,,,
APP0648,Sarah Garcia,38,Engineer,48322,810,6051,Paid,,,,,,,,
APP0649,Michael Brown,61,Lawyer,117896,719,49993,Paid,,,,,,,,
APP0650,John Davis,34,Lawyer,92292,468,14765,Paid,,,,,,,,
APP0651,Sarah Brown,35,Artist,59055,642,16382,Default,,,,,,,,
APP0652,Alex Miller,51,Doctor,72891,605,17580,Default,,,,,,,,
APP0653,Jane Davis,21,Teacher,111912,841,37323,Paid,,,,,,,,
APP0654,Katie Miller,23,Artist,167660,836,49757,Paid,,,,,,,,
APP0655,Chris Rodriguez,36,Lawyer,120536,411,16939,Paid,,,,,,,,
APP0656,Chris Jones,43,Teacher,36304,710,34964,Paid,,,,,,,,
APP0657,Alex Smith,31,Lawyer,37345,505,5307,Default,,,,,,,,
APP0658,Jane Davis,32,Teacher,190372,484,8359,Default,,,,,,,,
APP0659,John Miller,30,Doctor,185331,681,34648,Default,,,,,,,,
APP0660,Chris Williams,52,Artist,121006,795,40944,Paid,,,,,,,,
APP0661,Michael Rodriguez,36,Teacher,176424,678,39019,Default,,,,,,,,
APP0662,Jane Davis,28,Engineer,159350,346,43134,Default,,,,,,,,
APP0663,David Williams,58,Engineer,194437,850,32323,Paid,,,,,,,,
APP0664,Jane Miller,32,Teacher,49446,827,11226,Paid,,,,,,,,
APP0665,Chris Jones,44,Teacher,32336,803,26689,Paid,,,,,,,,
APP0666,Sarah Jones,48,Teacher,92032,321,35971,Default,,,,,,,,
APP0667,Emily Jones,28,Engineer,127852,512,30954,Paid,,,,,,,,
APP0668,Emily Garcia,48,Engineer,168593,609,29423,Default,,,,,,,,
APP0669,Emily Johnson,56,Teacher,184553,571,35391,Paid,,,,,,,,
APP0670,David Johnson,46,Lawyer,48474,501,19330,Paid,,,,,,,,
APP0671,David Martinez,28,Lawyer,85718,331,9891,Default,,,,,,,,
APP0672,Katie Rodriguez,48,Doctor,74629,742,9992,Paid,,,,,,,,
APP0673,David Williams,48,Artist,75232,461,6961,Paid,,,,,,,,
APP0674,John Smith,57,Lawyer,116544,553,17497,Paid,,,,,,,,
APP0675,Alex Jones,61,Engineer,80669,820,37551,Paid,,,,,,,,
APP0676,Alex Rodriguez,56,Lawyer,99184,779,15848,Paid,,,,,,,,
APP0677,David Williams,47,Doctor,43140,309,18255,Default,,,,,,,,
APP0678,Alex Jones,37,Doctor,156468,804,9567,Paid,,,,,,,,
APP0679,Jane Garcia,29,Artist,113457,735,44281,Default,,,,,,,,
APP0680,Michael Rodriguez,53,Lawyer,44357,410,25389,Default,,,,,,,,
APP0681,Katie Williams,40,Engineer,141672,452,49523,Default,,,,,,,,
APP0682,Chris Brown,33,Engineer,98673,401,48919,Default,,,,,,,,
APP0683,Chris Davis,48,Teacher,151673,490,21567,Default,,,,,,,,
APP0684,Laura Garcia,49,Engineer,95633,380,8358,Default,,,,,,,,
APP0685,John Davis,33,Artist,126111,788,27999,Paid,,,,,,,,
APP0686,Laura Johnson,55,Artist,108258,387,47358,Paid,,,,,,,,
APP0687,Emily Johnson,26,Engineer,173996,493,15988,Default,,,,,,,,
APP0688,Emily Martinez,38,Engineer,99286,403,45446,Default,,,,,,,,
APP0689,Michael Rodriguez,25,Teacher,123269,395,36521,Default,,,,,,,,
APP0690,Laura Rodriguez,45,Engineer,104071,722,10698,Paid,,,,,,,,
APP0691,Laura Johnson,22,Teacher,60651,497,6273,Default,,,,,,,,
APP0692,Michael Johnson,30,Teacher,100202,300,32543,Default,,,,,,,,
APP0693,Jane Brown,50,Engineer,78777,706,36349,Paid,,,,,,,,
APP0694,John Jones,65,Doctor,178066,677,16241,Paid,,,,,,,,
APP0695,Katie Rodriguez,25,Doctor,97263,466,14497,Paid,,,,,,,,
APP0696,Sarah Davis,53,Teacher,130158,808,46875,Paid,,,,,,,,
APP0697,Jane Smith,21,Engineer,40800,612,37703,Default,,,,,,,,
APP0698,Jane Miller,38,Doctor,67823,717,49041,Paid,,,,,,,,
APP0699,Emily Martinez,52,Engineer,93878,776,36954,Paid,,,,,,,,
APP0700,Chris Miller,31,Engineer,48708,372,13002,Default,,,,,,,,
APP0701,Alex Martinez,41,Engineer,173891,440,9247,Default,,,,,,,,
APP0702,Jane Miller,46,Lawyer,93870,561,46988,Default,,,,,,,,
APP0703,Chris Smith,45,Engineer,39283,639,26698,Default,,,,,,,,
APP0704,John Rodriguez,42,Lawyer,191645,607,24738,Default,,,,,,,,
APP0705,Chris Smith,47,Teacher,108707,544,15703,Default,,,,,,,,
APP0706,Michael Rodriguez,33,Doctor,192005,814,22570,Paid,,,,,,,,
APP0707,John Martinez,53,Doctor,35774,636,17392,Paid,,,,,,,,
APP0708,Emily Williams,54,Doctor,172055,375,49724,Default,,,,,,,,
APP0709,Chris Miller,61,Doctor,126468,474,37299,Default,,,,,,,,
APP0710,Laura Johnson,55,Doctor,126334,408,20641,Default,,,,,,,,
APP0711,Michael Smith,21,Doctor,48133,482,18998,Paid,,,,,,,,
APP0712,Michael Davis,41,Doctor,176011,491,11305,Paid,,,,,,,,
APP0713,Jane Rodriguez,26,Teacher,30781,364,37726,Default,,,,,,,,
APP0714,John Garcia,48,Engineer,144586,773,23782,Paid,,,,,,,,
APP0715,John Williams,37,Artist,57624,399,17721,Default,,,,,,,,
APP0716,Katie Williams,25,Lawyer,36823,843,44763,Paid,,,,,,,,
APP0717,Laura Jones,51,Artist,48489,427,17427,Paid,,,,,,,,
APP0718,Jane Brown,25,Artist,59118,751,25566,Paid,,,,,,,,
APP0719,David Brown,58,Engineer,130417,668,7230,Default,,,,,,,,
APP0720,Sarah Martinez,23,Engineer,111816,342,11511,Default,,,,,,,,
APP0721,Laura Jones,43,Engineer,183335,718,47229,Paid,,,,,,,,
APP0722,Sarah Smith,57,Doctor,43565,787,31177,Paid,,,,,,,,
APP0723,Michael Williams,57,Teacher,181426,377,9765,Default,,,,,,,,
APP0724,Sarah Davis,30,Doctor,121179,569,25354,Paid,,,,,,,,
APP0725,Alex Smith,30,Teacher,53648,614,28929,Default,,,,,,,,
APP0726,Chris Johnson,39,Teacher,71971,467,33820,Default,,,,,,,,
APP0727,Emily Smith,37,Artist,48658,638,34523,Default,,,,,,,,
APP0728,David Garcia,41,Artist,51253,492,10552,Default,,,,,,,,
APP0729,Laura Brown,34,Teacher,187462,752,5627,Paid,,,,,,,,
APP0730,David Johnson,29,Teacher,118664,582,16989,Paid,,,,,,,,
APP0731,David Jones,21,Doctor,133850,635,18780,Paid,,,,,,,,
APP0732,Katie Williams,65,Doctor,193730,689,11589,Paid,,,,,,,,
APP0733,Emily Garcia,33,Artist,167924,824,39812,Paid,,,,,,,,
APP0734,Michael Smith,24,Engineer,163623,539,33128,Paid,,,,,,,,
APP0735,Michael Smith,21,Teacher,101947,782,43652,Paid,,,,,,,,
APP0736,Chris Garcia,60,Doctor,91001,757,32790,Paid,,,,,,,,
APP0737,Jane Martinez,52,Artist,152775,388,45953,Paid,,,,,,,,
APP0738,David Martinez,54,Doctor,63243,394,5249,Default,,,,,,,,
APP0739,Katie Miller,48,Teacher,182872,751,24309,Paid,,,,,,,,
APP0740,Sarah Davis,51,Teacher,105939,727,30901,Paid,,,,,,,,
APP0741,Sarah Smith,28,Lawyer,87828,450,28576,Default,,,,,,,,
APP0742,Laura Brown,59,Engineer,168311,813,36508,Paid,,,,,,,,
APP0743,Sarah Davis,46,Lawyer,36710,675,14175,Default,,,,,,,,
APP0744,Katie Rodriguez,54,Artist,182456,321,30464,Default,,,,,,,,
APP0745,Emily Johnson,23,Doctor,182110,612,21260,Paid,,,,,,,,
APP0746,Jane Jones,32,Artist,67991,818,40440,Paid,,,,,,,,
APP0747,Sarah Rodriguez,21,Teacher,168043,505,34546,Default,,,,,,,,
APP0748,Alex Davis,64,Lawyer,190211,674,45047,Default,,,,,,,,
APP0749,Emily Garcia,25,Lawyer,115445,750,46430,Default,,,,,,,,
APP0750,Sarah Garcia,50,Lawyer,110257,478,6987,Default,,,,,,,,
APP0751,Alex Jones,50,Artist,67711,509,30105,Paid,,,,,,,,
APP0752,Alex Smith,37,Teacher,36530,799,17948,Paid,,,,,,,,
APP0753,Michael Brown,43,Doctor,41116,763,18026,Paid,,,,,,,,
APP0754,Michael Williams,35,Doctor,95794,423,7773,Default,,,,,,,,
APP0755,Chris Jones,57,Artist,161354,412,14878,Default,,,,,,,,
APP0756,Jane Martinez,41,Lawyer,162970,311,47946,Default,,,,,,,,
APP0757,Jane Brown,34,Engineer,34135,425,15377,Default,,,,,,,,
APP0758,Emily Brown,22,Artist,167701,630,12347,Default,,,,,,,,
APP0759,Katie Johnson,31,Artist,139472,582,38776,Paid,,,,,,,,
APP0760,Katie Miller,59,Teacher,155147,439,8783,Paid,,,,,,,,
APP0761,Sarah Williams,58,Doctor,119087,700,9298,Paid,,,,,,,,
APP0762,Laura Johnson,54,Artist,63380,396,9668,Default,,,,,,,,
APP0763,Laura Jones,58,Artist,159951,816,25671,Paid,,,,,,,,
APP0764,Jane Miller,54,Lawyer,47071,368,39820,Default,,,,,,,,
APP0765,Jane Garcia,38,Lawyer,50074,417,39484,Paid,,,,,,,,
APP0766,Sarah Williams,50,Engineer,97843,358,38078,Default,,,,,,,,
APP0767,David Williams,35,Teacher,69901,332,25922,Default,,,,,,,,
APP0768,Alex Jones,47,Engineer,41205,617,39028,Paid,,,,,,,,
APP0769,Michael Davis,54,Lawyer,154661,349,25316,Default,,,,,,,,
APP0770,Michael Rodriguez,58,Doctor,35906,788,16460,Paid,,,,,,,,
APP0771,Chris Martinez,53,Lawyer,163663,318,21968,Default,,,,,,,,
APP0772,Alex Garcia,44,Teacher,155576,496,35266,Default,,,,,,,,
APP0773,Chris Brown,35,Lawyer,92987,749,35209,Paid,,,,,,,,
APP0774,Jane Miller,50,Teacher,110685,751,29000,Paid,,,,,,,,
APP0775,Chris Brown,62,Teacher,140454,588,19011,Default,,,,,,,,
APP0776,Laura Rodriguez,37,Teacher,135487,440,7866,Default,,,,,,,,
APP0777,David Williams,25,Teacher,84400,383,10898,Default,,,,,,,,
APP0778,Alex Jones,49,Teacher,186222,690,23395,Paid,,,,,,,,
APP0779,Chris Martinez,24,Doctor,61852,514,44019,Default,,,,,,,,
APP0780,Jane Smith,30,Engineer,82756,825,42707,Paid,,,,,,,,
APP0781,Laura Williams,37,Artist,145357,514,9006,Paid,,,,,,,,
APP0782,John Smith,30,Engineer,149052,702,39393,Default,,,,,,,,
APP0783,Jane Garcia,37,Teacher,86481,427,15956,Default,,,,,,,,
APP0784,Katie Williams,40,Doctor,31283,776,35663,Paid,,,,,,,,
APP0785,Emily Johnson,44,Lawyer,63691,703,11078,Paid,,,,,,,,
APP0786,Jane Miller,25,Doctor,162197,328,34631,Default,,,,,,,,
APP0787,John Miller,54,Teacher,56170,637,35140,Paid,,,,,,,,
APP0788,John Garcia,26,Doctor,38438,660,46691,Paid,,,,,,,,
APP0789,Alex Davis,22,Doctor,50095,691,8961,Paid,,,,,,,,
APP0790,Katie Johnson,33,Teacher,177226,517,34277,Default,,,,,,,,
APP0791,Laura Jones,63,Doctor,169076,501,46574,Default,,,,,,,,
APP0792,Laura Davis,63,Artist,39752,316,36417,Default,,,,,,,,
APP0793,Katie Johnson,31,Artist,85426,621,27484,Default,,,,,,,,
APP0794,Laura Garcia,43,Doctor,56819,817,23103,Paid,,,,,,,,
APP0795,Katie Davis,36,Lawyer,122051,624,34345,Default,,,,,,,,
APP0796,John Johnson,51,Teacher,185289,711,44454,Paid,,,,,,,,
APP0797,David Davis,31,Artist,62994,617,6587,Paid,,,,,,,,
APP0798,Michael Miller,36,Lawyer,176108,381,47571,Default,,,,,,,,
APP0799,Chris Johnson,28,Doctor,127756,773,26031,Paid,,,,,,,,
APP0800,Katie Martinez,24,Lawyer,170659,767,31212,Paid,,,,,,,,
APP0801,Alex Brown,60,Engineer,125665,724,15350,Paid,,,,,,,,
APP0802,Sarah Johnson,24,Artist,161717,503,23816,Default,,,,,,,,
APP0803,Jane Davis,45,Doctor,192002,686,25288,Paid,,,,,,,,
APP0804,Laura Martinez,23,Teacher,111835,397,34432,Default,,,,,,,,
APP0805,Katie Jones,52,Doctor,152232,644,49222,Default,,,,,,,,
APP0806,Laura Brown,23,Teacher,191162,507,11837,Default,,,,,,,,
APP0807,Emily Jones,47,Doctor,187547,813,39217,Paid,,,,,,,,
APP0808,John Smith,49,Lawyer,179960,465,25884,Paid,,,,,,,,
APP0809,Jane Davis,52,Lawyer,73732,321,10454,Default,,,,,,,,
APP0810,Michael Martinez,39,Lawyer,76305,453,14424,Default,,,,,,,,
APP0811,David Jones,41,Engineer,39346,738,41885,Paid,,,,,,,,
APP0812,Jane Miller,25,Teacher,30587,594,46637,Default,,,,,,,,
APP0813,Laura Miller,38,Lawyer,42763,518,48618,Paid,,,,,,,,
APP0814,Michael Jones,48,Engineer,99615,794,23412,Paid,,,,,,,,
APP0815,Jane Garcia,62,Teacher,197188,529,44613,Default,,,,,,,,
APP0816,Emily Martinez,42,Doctor,150987,319,25142,Default,,,,,,,,
APP0817,Jane Rodriguez,41,Engineer,121353,447,42392,Default,,,,,,,,
APP0818,Michael Garcia,26,Artist,125648,407,13848,Default,,,,,,,,
APP0819,Chris Williams,21,Engineer,55556,702,18136,Paid,,,,,,,,
APP0820,Sarah Martinez,25,Engineer,89042,782,5589,Paid,,,,,,,,
APP0821,Emily Williams,61,Teacher,48099,666,25908,Paid,,,,,,,,
APP0822,Laura Williams,32,Doctor,139089,713,11509,Paid,,,,,,,,
APP0823,Michael Miller,46,Artist,174302,608,45461,Paid,,,,,,,,
APP0824,Michael Miller,54,Lawyer,190081,433,47222,Paid,,,,,,,,
APP0825,Jane Martinez,34,Lawyer,63866,582,49476,Paid,,,,,,,,
APP0826,Alex Martinez,46,Engineer,135400,372,14968,Default,,,,,,,,
APP0827,David Williams,65,Teacher,114246,780,7462,Default,,,,,,,,
APP0828,Jane Rodriguez,47,Teacher,106975,651,14460,Default,,,,,,,,
APP0829,Sarah Rodriguez,29,Lawyer,111557,625,38783,Default,,,,,,,,
APP0830,Emily Rodriguez,46,Artist,167488,742,14275,Paid,,,,,,,,
APP0831,Alex Miller,42,Doctor,102516,399,33677,Default,,,,,,,,
APP0832,Michael Davis,50,Artist,179130,358,18269,Default,,,,,,,,
APP0833,Sarah Brown,63,Doctor,62602,807,5406,Paid,,,,,,,,
APP0834,Alex Williams,37,Lawyer,188588,557,12384,Default,,,,,,,,
APP0835,Chris Smith,46,Doctor,159295,712,27553,Paid,,,,,,,,
APP0836,Sarah Williams,56,Teacher,117969,751,29366,Paid,,,,,,,,
APP0837,Katie Williams,21,Engineer,162161,364,49036,Default,,,,,,,,
APP0838,Chris Rodriguez,28,Engineer,198418,453,22369,Default,,,,,,,,
APP0839,Jane Johnson,55,Lawyer,171559,565,16795,Default,,,,,,,,
APP0840,Katie Garcia,35,Teacher,30155,378,9485,Default,,,,,,,,
APP0841,Laura Johnson,42,Artist,153950,614,46669,Paid,,,,,,,,
APP0842,David Johnson,34,Teacher,97494,547,7618,Paid,,,,,,,,
APP0843,John Martinez,46,Engineer,106229,713,35143,Default,,,,,,,,
APP0844,Jane Miller,48,Engineer,134648,324,34425,Paid,,,,,,,,
APP0845,Laura Jones,43,Teacher,68547,583,27673,Default,,,,,,,,
APP0846,Katie Smith,34,Teacher,58795,748,14603,Paid,,,,,,,,
APP0847,Katie Davis,44,Engineer,51447,600,44696,Paid,,,,,,,,
APP0848,Alex Smith,22,Artist,197670,367,10368,Default,,,,,,,,
APP0849,Emily Smith,65,Lawyer,117960,306,9621,Default,,,,,,,,
APP0850,Laura Jones,46,Lawyer,93278,436,19719,Paid,,,,,,,,
APP0851,John Davis,34,Teacher,85077,463,34227,Default,,,,,,,,
APP0852,David Martinez,27,Lawyer,142782,382,48894,Default,,,,,,,,
APP0853,Jane Rodriguez,23,Engineer,132932,719,12566,Paid,,,,,,,,
APP0854,Laura Miller,43,Engineer,170600,372,17306,Paid,,,,,,,,
APP0855,Alex Johnson,63,Teacher,139869,536,29042,Default,,,,,,,,
APP0856,Michael Jones,65,Teacher,169251,345,20086,Default,,,,,,,,
APP0857,Katie Brown,38,Teacher,78781,561,22387,Paid,,,,,,,,
APP0858,Jane Rodriguez,58,Artist,185024,475,32042,Default,,,,,,,,
APP0859,Alex Miller,55,Lawyer,83798,465,28888,Default,,,,,,,,
APP0860,Laura Johnson,35,Teacher,128696,669,31514,Paid,,,,,,,,
APP0861,Katie Davis,45,Doctor,80939,353,23323,Default,,,,,,,,
APP0862,Michael Williams,57,Doctor,59516,718,23019,Default,,,,,,,,
APP0863,John Garcia,48,Engineer,171521,806,14890,Default,,,,,,,,
APP0864,Laura Garcia,30,Lawyer,80290,640,45863,Default,,,,,,,,
APP0865,Chris Davis,59,Teacher,156688,426,15283,Default,,,,,,,,
APP0866,Jane Smith,37,Doctor,116661,708,23279,Paid,,,,,,,,
APP0867,John Brown,59,Lawyer,102954,666,27908,Default,,,,,,,,
APP0868,Katie Rodriguez,42,Engineer,52746,570,42952,Paid,,,,,,,,
APP0869,John Smith,46,Artist,97990,678,40170,Paid,,,,,,,,
APP0870,Chris Martinez,64,Lawyer,88810,372,42663,Default,,,,,,,,
APP0871,Chris Jones,45,Lawyer,148362,547,49172,Default,,,,,,,,
APP0872,Sarah Garcia,37,Artist,176295,342,14343,Default,,,,,,,,
APP0873,Laura Williams,33,Lawyer,163669,676,15637,Paid,,,,,,,,
APP0874,David Smith,40,Engineer,32659,340,39724,Default,,,,,,,,
APP0875,Emily Rodriguez,45,Engineer,116516,469,44791,Default,,,,,,,,
APP0876,Laura Martinez,24,Artist,104567,511,34134,Default,,,,,,,,
APP0877,David Smith,30,Teacher,45037,792,8907,Paid,,,,,,,,
APP0878,David Williams,23,Doctor,156498,338,38575,Default,,,,,,,,
APP0879,Sarah Rodriguez,61,Teacher,42109,668,9827,Default,,,,,,,,
APP0880,John Smith,65,Lawyer,52010,450,35607,Paid,,,,,,,,
APP0881,David Garcia,38,Doctor,38787,410,18699,Default,,,,,,,,
APP0882,Emily Miller,56,Artist,169544,779,42292,Default,,,,,,,,
APP0883,Chris Martinez,42,Artist,184455,735,30883,Paid,,,,,,,,
APP0884,Michael Davis,54,Doctor,91709,346,10313,Default,,,,,,,,
APP0885,Laura Smith,28,Engineer,64518,665,18598,Default,,,,,,,,
APP0886,Laura Garcia,60,Doctor,83909,368,33807,Paid,,,,,,,,
APP0887,Emily Davis,64,Lawyer,48351,598,9887,Default,,,,,,,,
APP0888,Alex Brown,39,Engineer,45282,595,8854,Paid,,,,,,,,
APP0889,Katie Miller,62,Artist,182850,502,19536,Default,,,,,,,,
APP0890,Emily Brown,61,Doctor,185336,360,8558,Default,,,,,,,,
APP0891,Michael Garcia,57,Teacher,35075,613,14772,Default,,,,,,,,
APP0892,Laura Smith,26,Teacher,58365,460,41343,Default,,,,,,,,
APP0893,Sarah Miller,46,Lawyer,41002,630,40186,Paid,,,,,,,,
APP0894,Michael Miller,54,Teacher,43947,827,41966,Paid,,,,,,,,
APP0895,Michael Martinez,65,Doctor,124840,637,38769,Default,,,,,,,,
APP0896,Sarah Davis,26,Doctor,146219,603,44887,Default,,,,,,,,
APP0897,David Rodriguez,57,Teacher,108610,802,24229,Paid,,,,,,,,
APP0898,Jane Miller,53,Doctor,82142,637,14673,Paid,,,,,,,,
APP0899,Michael Brown,42,Lawyer,86307,849,32877,Paid,,,,,,,,
APP0900,David Davis,41,Engineer,165565,574,36601,Default,,,,,,,,
APP0901,John Johnson,26,Lawyer,80085,463,43084,Default,,,,,,,,
APP0902,Jane Davis,26,Lawyer,64228,742,21244,Default,,,,,,,,
APP0903,John Brown,24,Doctor,192727,618,32356,Default,,,,,,,,
APP0904,Sarah Jones,50,Engineer,73472,803,21806,Paid,,,,,,,,
APP0905,David Miller,31,Doctor,79437,686,28099,Paid,,,,,,,,
APP0906,Laura Rodriguez,50,Artist,89711,793,49641,Default,,,,,,,,
APP0907,Michael Jones,51,Doctor,167888,789,42034,Paid,,,,,,,,
APP0908,Chris Martinez,44,Doctor,107175,372,45317,Default,,,,,,,,
APP0909,Katie Jones,29,Doctor,94307,808,24094,Paid,,,,,,,,
APP0910,David Williams,23,Engineer,76733,689,15589,Paid,,,,,,,,
APP0911,Alex Miller,51,Doctor,158202,594,6657,Paid,,,,,,,,
APP0912,Michael Garcia,60,Engineer,125028,668,37764,Paid,,,,,,,,
APP0913,Alex Miller,57,Teacher,172312,848,44531,Paid,,,,,,,,
APP0914,Chris Miller,56,Artist,122493,486,8164,Default,,,,,,,,
APP0915,Jane Garcia,44,Engineer,155149,744,32542,Paid,,,,,,,,
APP0916,Laura Smith,51,Teacher,193834,662,23437,Default,,,,,,,,
APP0917,Emily Smith,26,Engineer,38259,422,46247,Default,,,,,,,,
APP0918,John Martinez,22,Engineer,158775,487,43505,Default,,,,,,,,
APP0919,Laura Miller,40,Artist,44849,719,24601,Paid,,,,,,,,
APP0920,Sarah Smith,48,Lawyer,111768,551,33430,Default,,,,,,,,
APP0921,Jane Brown,31,Lawyer,136108,848,11009,Paid,,,,,,,,
APP0922,John Williams,24,Engineer,119709,634,9552,Paid,,,,,,,,
APP0923,Laura Davis,35,Doctor,84869,391,14417,Default,,,,,,,,
APP0924,Laura Garcia,26,Teacher,156888,829,46989,Paid,,,,,,,,
APP0925,Katie Jones,50,Doctor,93095,362,7671,Default,,,,,,,,
APP0926,David Brown,58,Doctor,147886,811,11519,Paid,,,,,,,,
APP0927,Sarah Miller,22,Engineer,100910,438,41730,Paid,,,,,,,,
APP0928,John Rodriguez,35,Engineer,53567,484,17734,Default,,,,,,,,
APP0929,Michael Martinez,31,Engineer,65292,504,8722,Paid,,,,,,,,
APP0930,David Miller,28,Engineer,104813,513,9906,Default,,,,,,,,
APP0931,Jane Garcia,46,Lawyer,127136,555,35096,Default,,,,,,,,
APP0932,Sarah Brown,65,Engineer,81631,434,45031,Default,,,,,,,,
APP0933,Alex Johnson,64,Lawyer,39885,387,18699,Default,,,,,,,,
APP0934,Katie Davis,25,Lawyer,96314,506,26438,Paid,,,,,,,,
APP0935,Katie Rodriguez,26,Engineer,95087,428,48856,Paid,,,,,,,,
APP0936,Chris Johnson,46,Artist,190237,302,38576,Default,,,,,,,,
APP0937,Laura Rodriguez,24,Teacher,125998,420,46938,Paid,,,,,,,,
APP0938,Sarah Brown,39,Doctor,79812,684,37247,Paid,,,,,,,,
APP0939,Katie Martinez,40,Lawyer,88643,337,48461,Default,,,,,,,,
APP0940,Laura Rodriguez,53,Teacher,74900,640,32938,Default,,,,,,,,
APP0941,Chris Garcia,40,Artist,168923,320,45469,Default,,,,,,,,
APP0942,Emily Jones,32,Doctor,46288,541,22600,Paid,,,,,,,,
APP0943,Michael Rodriguez,21,Doctor,102692,754,25435,Paid,,,,,,,,
APP0944,Sarah Garcia,46,Lawyer,168440,602,23581,Paid,,,,,,,,
APP0945,Katie Davis,34,Engineer,115436,368,19191,Paid,,,,,,,,
APP0946,Emily Williams,58,Artist,76403,428,24190,Default,,,,,,,,
APP0947,Michael Jones,57,Lawyer,121170,495,32386,Default,,,,,,,,
APP0948,Jane Johnson,31,Artist,39168,439,36721,Default,,,,,,,,
APP0949,Katie Davis,56,Engineer,79879,743,18704,Paid,,,,,,,,
APP0950,John Garcia,33,Engineer,89871,582,7123,Paid,,,,,,,,
APP0951,Jane Johnson,63,Lawyer,62174,611,30174,Paid,,,,,,,,
APP0952,Michael Martinez,23,Engineer,167653,834,49301,Paid,,,,,,,,
APP0953,John Garcia,53,Teacher,140155,576,19586,Default,,,,,,,,
APP0954,Michael Davis,26,Doctor,101853,360,36976,Default,,,,,,,,
APP0955,Michael Garcia,30,Lawyer,94046,618,30416,Paid,,,,,,,,
APP0956,David Williams,25,Artist,79678,351,6814,Default,,,,,,,,
APP0957,Katie Brown,43,Teacher,56649,452,18001,Paid,,,,,,,,
APP0958,Jane Smith,30,Lawyer,157795,610,21508,Default,,,,,,,,
APP0959,John Martinez,64,Engineer,118668,843,24630,Paid,,,,,,,,
APP0960,Alex Brown,22,Engineer,175639,688,18380,Paid,,,,,,,,
APP0961,Jane Smith,33,Engineer,119906,847,40699,Paid,,,,,,,,
APP0962,Emily Miller,60,Engineer,126019,476,17317,Default,,,,,,,,
APP0963,Sarah Garcia,22,Artist,108002,661,40739,Paid,,,,,,,,
APP0964,Katie Rodriguez,40,Teacher,58803,613,39785,Paid,,,,,,,,
APP0965,Jane Brown,21,Doctor,179302,396,36980,Default,,,,,,,,
APP0966,Chris Smith,57,Artist,178934,512,28799,Default,,,,,,,,
APP0967,Laura Davis,29,Artist,192331,436,40183,Paid,,,,,,,,
APP0968,Katie Jones,37,Doctor,60795,305,34166,Default,,,,,,,,
APP0969,Laura Williams,29,Doctor,38770,408,24480,Paid,,,,,,,,
APP0970,Alex Johnson,31,Engineer,41093,846,6609,Paid,,,,,,,,
APP0971,Chris Williams,35,Artist,161265,338,5717,Default,,,,,,,,
APP0972,Alex Garcia,44,Lawyer,130311,724,24945,Paid,,,,,,,,
APP0973,Laura Johnson,58,Doctor,47569,560,30592,Default,,,,,,,,
APP0974,Emily Miller,55,Doctor,41190,725,33141,Default,,,,,,,,
APP0975,John Smith,50,Teacher,92824,386,35009,Default,,,,,,,,
APP0976,Sarah Miller,51,Lawyer,193399,764,11782,Default,,,,,,,,
APP0977,Michael Smith,25,Lawyer,72070,375,31536,Default,,,,,,,,
APP0978,John Brown,64,Doctor,70197,770,38816,Paid,,,,,,,,
APP0979,Chris Jones,34,Engineer,32261,713,30933,Paid,,,,,,,,
APP0980,Emily Davis,31,Teacher,187584,756,16618,Paid,,,,,,,,
APP0981,Michael Rodriguez,29,Lawyer,167788,584,13307,Default,,,,,,,,
APP0982,Michael Martinez,54,Doctor,116795,538,31671,Default,,,,,,,,
APP0983,John Miller,32,Lawyer,58933,671,45673,Default,,,,,,,,
APP0984,John Miller,55,Teacher,165450,794,47761,Default,,,,,,,,
APP0985,Sarah Davis,55,Teacher,70583,344,15338,Default,,,,,,,,
APP0986,David Williams,21,Artist,142082,700,43346,Paid,,,,,,,,
APP0987,Emily Brown,60,Doctor,115371,546,11548,Paid,,,,,,,,
APP0988,David Miller,42,Teacher,190105,749,45149,Paid,,,,,,,,
APP0989,Alex Martinez,49,Artist,185072,784,26164,Paid,,,,,,,,
APP0990,Chris Miller,28,Artist,141032,317,32526,Default,,,,,,,,
APP0991,Laura Smith,31,Lawyer,72604,588,36222,Paid,,,,,,,,
APP0992,Jane Miller,61,Lawyer,125074,713,25176,Paid,,,,,,,,
APP0993,Jane Miller,57,Artist,103869,534,7941,Paid,,,,,,,,
APP0994,David Johnson,34,Lawyer,35410,715,10695,Paid,,,,,,,,
APP0995,Michael Brown,50,Teacher,113375,798,44169,Paid,,,,,,,,
APP0996,Jane Miller,55,Engineer,126055,414,30553,Default,,,,,,,,
APP0997,Chris Smith,41,Teacher,167868,533,43965,Default,,,,,,,,
APP0998,Chris Williams,57,Artist,116716,839,43218,Paid,,,,,,,,
APP0999,Michael Garcia,25,Artist,84245,310,30359,Default,,,,,,,,
APP1000,Laura Jones,39,Teacher,73056,505,29816,Paid,,,,,,,,
