,,,,,,,
,,,,,,,
GenerateFoodDeliveryDataset,,,,,,,
Order_ID,Driver_ID,Vehicle_Type,City_Zone,Delivery_Time_Minutes,Weather,Driver_Rating,Order_Value
ORD0001,DRV052,Scooter,Industrial,46,Rainy,3.9,28.97
ORD0002,DRV093,Car,Downtown,29,Foggy,3.1,34.24
ORD0003,DRV015,Bike,Suburbs,18,Foggy,1.6,63.3
ORD0004,DRV072,Car,Industrial,23,Foggy,1.3,90.3
ORD0005,DRV061,Scooter,Industrial,35,Foggy,1.1,81.94
ORD0006,DRV021,Bike,Industrial,21,Foggy,1.7,60.4
ORD0007,DRV083,Bike,Suburbs,15,Foggy,4.6,74.37
ORD0008,DRV087,Scooter,Industrial,26,Foggy,2.0,39.66
ORD0009,DRV075,Scooter,Suburbs,44,Rainy,2.4,65.89
ORD0010,DRV075,Scooter,Industrial,28,Sunny,1.4,49.29
ORD0011,DRV088,Car,Suburbs,35,Sunny,1.9,23.04
ORD0012,DRV100,Car,University,36,Rainy,3.1,71.67
ORD0013,DRV024,Bike,University,38,Rainy,3.4,57.86
ORD0014,DRV003,Scooter,University,36,Rainy,2.0,39.07
ORD0015,DRV022,Bike,University,41,Rainy,1.2,91.58
ORD0016,DRV053,Bike,University,15,Foggy,2.6,6.99
ORD0017,DRV002,Bike,Industrial,40,Sunny,1.9,35.0
ORD0018,DRV088,Bike,Industrial,32,Foggy,1.9,10.4
ORD0019,DRV030,Scooter,Industrial,35,Sunny,4.8,77.82
ORD0020,DRV038,Bike,Suburbs,13,Sunny,3.5,71.7
ORD0021,DRV002,Scooter,Suburbs,33,Rainy,3.2,36.48
ORD0022,DRV064,Scooter,Suburbs,20,Foggy,2.7,69.19
ORD0023,DRV060,Car,Suburbs,24,Rainy,2.7,42.61
ORD0024,DRV021,Scooter,University,39,Foggy,3.2,76.84
ORD0025,DRV033,Car,University,33,Sunny,3.8,48.15
ORD0026,DRV076,Scooter,University,49,Rainy,3.8,44.17
ORD0027,DRV058,Scooter,Downtown,40,Rainy,1.7,93.8
ORD0028,DRV022,Scooter,Industrial,36,Sunny,3.0,28.83
ORD0029,DRV089,Car,Suburbs,20,Sunny,2.6,16.44
ORD0030,DRV049,Car,Suburbs,34,Sunny,4.5,60.53
ORD0031,DRV091,Bike,University,45,Rainy,3.5,97.09
ORD0032,DRV059,Car,Suburbs,27,Foggy,3.1,40.89
ORD0033,DRV042,Car,Suburbs,42,Rainy,1.5,10.89
ORD0034,DRV092,Car,Industrial,28,Foggy,3.4,37.23
ORD0035,DRV060,Car,University,42,Rainy,1.5,53.06
ORD0036,DRV080,Bike,Industrial,34,Rainy,2.3,20.38
ORD0037,DRV015,Car,Downtown,36,Sunny,1.6,67.52
ORD0038,DRV062,Scooter,Downtown,27,Foggy,3.8,99.79
ORD0039,DRV062,Scooter,Downtown,53,Rainy,1.8,47.92
ORD0040,DRV047,Car,University,40,Rainy,2.6,38.7
ORD0041,DRV062,Car,Suburbs,24,Sunny,4.6,43.07
ORD0042,DRV051,Scooter,University,40,Sunny,1.8,15.94
ORD0043,DRV055,Scooter,University,24,Foggy,3.0,88.91
ORD0044,DRV064,Bike,Suburbs,25,Rainy,2.7,44.41
ORD0045,DRV003,Scooter,Industrial,16,Foggy,1.1,41.79
ORD0046,DRV051,Scooter,Downtown,33,Rainy,4.2,67.67
ORD0047,DRV007,Car,Industrial,12,Foggy,1.3,46.99
ORD0048,DRV021,Scooter,Downtown,25,Sunny,2.9,66.58
ORD0049,DRV073,Bike,University,53,Rainy,3.2,10.84
ORD0050,DRV039,Scooter,Downtown,18,Foggy,3.5,82.3
ORD0051,DRV018,Car,University,17,Sunny,3.8,94.35
ORD0052,DRV004,Car,Industrial,29,Sunny,2.0,66.63
ORD0053,DRV089,Scooter,University,22,Foggy,1.0,95.68
ORD0054,DRV060,Car,Industrial,43,Rainy,3.9,19.39
ORD0055,DRV014,Bike,Suburbs,36,Rainy,3.1,50.35
ORD0056,DRV009,Bike,Suburbs,26,Sunny,4.3,62.17
ORD0057,DRV090,Scooter,Suburbs,20,Rainy,4.3,60.26
ORD0058,DRV053,Scooter,University,31,Rainy,4.4,43.14
ORD0059,DRV002,Scooter,Suburbs,48,Rainy,2.9,37.12
ORD0060,DRV084,Car,Downtown,40,Sunny,2.3,17.05
ORD0061,DRV092,Bike,Industrial,15,Foggy,4.2,42.22
ORD0062,DRV060,Bike,Industrial,26,Rainy,2.8,20.45
ORD0063,DRV071,Car,Downtown,36,Sunny,1.7,74.76
ORD0064,DRV044,Bike,University,14,Sunny,4.4,24.84
ORD0065,DRV008,Scooter,University,22,Foggy,4.5,10.56
ORD0066,DRV047,Scooter,Industrial,44,Rainy,2.9,57.47
ORD0067,DRV035,Scooter,Suburbs,33,Rainy,1.3,61.55
ORD0068,DRV078,Bike,University,38,Foggy,2.6,87.83
ORD0069,DRV081,Scooter,University,40,Foggy,4.2,59.81
ORD0070,DRV036,Car,Downtown,32,Sunny,4.6,37.82
ORD0071,DRV050,Car,Downtown,25,Sunny,1.8,81.29
ORD0072,DRV004,Bike,Suburbs,27,Foggy,1.3,56.33
ORD0073,DRV002,Car,University,46,Rainy,4.5,12.53
ORD0074,DRV006,Car,University,38,Sunny,2.6,58.76
ORD0075,DRV054,Bike,Downtown,31,Sunny,3.2,91.26
ORD0076,DRV004,Scooter,University,30,Rainy,4.9,42.65
ORD0077,DRV054,Scooter,Industrial,12,Sunny,1.3,33.15
ORD0078,DRV093,Scooter,Downtown,45,Rainy,3.6,18.63
ORD0079,DRV063,Bike,Suburbs,37,Rainy,1.3,19.39
ORD0080,DRV018,Car,Downtown,33,Rainy,2.5,46.11
ORD0081,DRV090,Scooter,University,39,Foggy,4.2,61.59
ORD0082,DRV044,Scooter,Suburbs,30,Foggy,2.7,12.66
ORD0083,DRV034,Bike,Downtown,25,Foggy,5.0,94.26
ORD0084,DRV074,Scooter,Industrial,36,Rainy,3.2,76.74
ORD0085,DRV062,Bike,Industrial,28,Rainy,2.3,60.73
ORD0086,DRV100,Car,Downtown,18,Foggy,1.9,83.7
ORD0087,DRV014,Bike,Industrial,33,Sunny,2.4,12.62
ORD0088,DRV095,Bike,Industrial,32,Rainy,2.5,50.3
ORD0089,DRV048,Bike,Industrial,33,Sunny,1.3,64.86
ORD0090,DRV015,Bike,Suburbs,39,Sunny,2.5,83.72
ORD0091,DRV072,Car,Industrial,44,Rainy,2.9,79.43
ORD0092,DRV078,Car,Industrial,50,Rainy,3.9,31.32
ORD0093,DRV087,Scooter,Industrial,24,Sunny,3.6,94.38
ORD0094,DRV062,Car,Suburbs,12,Sunny,3.8,16.81
ORD0095,DRV040,Car,Downtown,28,Foggy,1.0,88.14
ORD0096,DRV085,Scooter,University,27,Foggy,1.9,97.24
ORD0097,DRV080,Car,Industrial,35,Rainy,3.6,21.83
ORD0098,DRV082,Bike,Downtown,35,Foggy,2.9,73.6
ORD0099,DRV053,Bike,Industrial,26,Foggy,1.0,8.83
ORD0100,DRV024,Scooter,Suburbs,17,Foggy,4.2,43.52
ORD0101,DRV026,Scooter,Downtown,16,Foggy,4.1,54.05
ORD0102,DRV089,Scooter,Suburbs,39,Sunny,3.2,60.16
ORD0103,DRV060,Bike,Industrial,28,Rainy,1.3,93.91
ORD0104,DRV041,Car,Industrial,12,Foggy,4.1,68.86
ORD0105,DRV029,Bike,Suburbs,10,Sunny,3.3,50.72
ORD0106,DRV015,Scooter,University,13,Sunny,4.1,81.92
ORD0107,DRV045,Car,Suburbs,34,Sunny,4.0,95.3
ORD0108,DRV065,Car,Industrial,14,Foggy,4.2,7.1
ORD0109,DRV089,Bike,Suburbs,10,Foggy,3.1,98.34
ORD0110,DRV071,Scooter,University,39,Rainy,1.6,13.18
ORD0111,DRV009,Bike,Suburbs,14,Foggy,3.7,82.37
ORD0112,DRV088,Car,University,22,Foggy,3.5,31.63
ORD0113,DRV001,Bike,University,17,Sunny,4.0,17.56
ORD0114,DRV008,Bike,Suburbs,31,Rainy,1.7,46.79
ORD0115,DRV088,Scooter,Suburbs,14,Foggy,1.8,66.18
ORD0116,DRV063,Scooter,Downtown,37,Foggy,4.6,41.19
ORD0117,DRV011,Car,Industrial,18,Sunny,4.0,10.18
ORD0118,DRV081,Bike,University,40,Sunny,4.6,61.95
ORD0119,DRV008,Bike,Downtown,10,Foggy,4.0,90.73
ORD0120,DRV035,Bike,Suburbs,33,Rainy,3.4,41.41
ORD0121,DRV035,Car,Industrial,23,Rainy,3.6,25.55
ORD0122,DRV033,Car,Downtown,11,Sunny,4.6,47.04
ORD0123,DRV005,Scooter,University,40,Sunny,3.3,9.59
ORD0124,DRV041,Scooter,Downtown,17,Foggy,3.5,82.95
ORD0125,DRV028,Scooter,University,32,Sunny,1.6,83.5
ORD0126,DRV007,Bike,Suburbs,18,Foggy,2.9,60.86
ORD0127,DRV073,Bike,Industrial,27,Rainy,3.9,38.54
ORD0128,DRV072,Scooter,Industrial,36,Rainy,2.1,80.98
ORD0129,DRV012,Bike,Industrial,23,Foggy,1.8,57.7
ORD0130,DRV034,Scooter,Suburbs,13,Sunny,2.3,83.46
ORD0131,DRV033,Car,University,49,Rainy,2.0,64.99
ORD0132,DRV048,Scooter,Suburbs,40,Sunny,1.9,79.52
ORD0133,DRV023,Car,Industrial,28,Rainy,2.7,61.86
ORD0134,DRV062,Bike,Suburbs,20,Foggy,4.6,44.34
ORD0135,DRV088,Scooter,Suburbs,12,Foggy,3.0,96.0
ORD0136,DRV037,Bike,Suburbs,17,Foggy,1.8,56.41
ORD0137,DRV099,Car,University,27,Rainy,1.3,62.48
ORD0138,DRV044,Car,Downtown,23,Sunny,3.8,25.95
ORD0139,DRV086,Car,Downtown,37,Sunny,2.5,64.44
ORD0140,DRV091,Bike,Suburbs,22,Sunny,4.3,59.3
ORD0141,DRV035,Bike,Downtown,38,Rainy,3.6,22.56
ORD0142,DRV065,Bike,Downtown,27,Rainy,4.2,10.66
ORD0143,DRV099,Bike,Suburbs,38,Rainy,2.1,62.41
ORD0144,DRV047,Car,Suburbs,50,Rainy,3.8,77.55
ORD0145,DRV078,Car,Industrial,43,Rainy,2.1,54.72
ORD0146,DRV003,Scooter,Downtown,36,Sunny,4.8,26.54
ORD0147,DRV001,Scooter,University,32,Rainy,3.5,68.32
ORD0148,DRV005,Bike,Suburbs,38,Rainy,2.3,12.61
ORD0149,DRV090,Car,Industrial,11,Sunny,2.1,46.97
ORD0150,DRV014,Car,University,34,Rainy,1.8,20.52
ORD0151,DRV027,Car,Downtown,26,Sunny,3.8,22.52
ORD0152,DRV009,Scooter,Industrial,32,Sunny,1.9,24.22
ORD0153,DRV079,Scooter,Suburbs,11,Foggy,3.4,41.74
ORD0154,DRV015,Car,University,19,Foggy,2.1,9.86
ORD0155,DRV090,Car,Suburbs,37,Foggy,3.6,42.79
ORD0156,DRV042,Car,Downtown,25,Foggy,4.3,53.61
ORD0157,DRV077,Scooter,University,26,Rainy,4.1,50.91
ORD0158,DRV051,Car,Downtown,37,Foggy,4.0,41.36
ORD0159,DRV063,Car,Downtown,11,Sunny,1.8,84.72
ORD0160,DRV096,Bike,Industrial,30,Rainy,1.4,18.81
ORD0161,DRV052,Bike,Suburbs,35,Foggy,3.8,53.04
ORD0162,DRV096,Scooter,University,22,Sunny,2.5,10.89
ORD0163,DRV004,Car,Downtown,51,Rainy,2.7,11.76
ORD0164,DRV094,Car,Downtown,42,Rainy,1.1,59.52
ORD0165,DRV023,Bike,University,40,Foggy,2.0,58.77
ORD0166,DRV015,Scooter,Downtown,54,Rainy,1.1,88.41
ORD0167,DRV043,Bike,Industrial,11,Sunny,4.5,58.0
ORD0168,DRV029,Bike,Industrial,35,Rainy,2.0,96.18
ORD0169,DRV036,Bike,Industrial,12,Sunny,3.2,9.63
ORD0170,DRV013,Bike,Industrial,36,Rainy,1.2,14.31
ORD0171,DRV032,Car,Downtown,32,Foggy,3.7,9.19
ORD0172,DRV071,Car,University,23,Sunny,2.3,22.6
ORD0173,DRV059,Bike,University,43,Rainy,4.6,56.42
ORD0174,DRV086,Scooter,University,50,Rainy,4.6,66.33
ORD0175,DRV028,Scooter,University,47,Rainy,2.3,9.33
ORD0176,DRV066,Scooter,Suburbs,36,Sunny,4.6,94.87
ORD0177,DRV042,Scooter,University,31,Sunny,5.0,85.01
ORD0178,DRV045,Bike,Suburbs,38,Sunny,4.3,33.18
ORD0179,DRV062,Car,Suburbs,16,Foggy,4.4,12.33
ORD0180,DRV057,Scooter,Industrial,30,Foggy,2.0,21.14
ORD0181,DRV006,Bike,Suburbs,16,Sunny,3.3,17.06
ORD0182,DRV028,Scooter,Downtown,29,Rainy,1.3,16.71
ORD0183,DRV028,Scooter,Suburbs,26,Foggy,1.4,54.26
ORD0184,DRV044,Bike,Industrial,18,Sunny,5.0,28.36
ORD0185,DRV084,Car,Suburbs,53,Rainy,2.3,39.02
ORD0186,DRV030,Car,Downtown,30,Foggy,4.0,99.0
ORD0187,DRV062,Bike,Downtown,40,Rainy,4.2,70.01
ORD0188,DRV075,Car,Downtown,44,Rainy,4.4,95.15
ORD0189,DRV092,Bike,Industrial,39,Rainy,5.0,18.54
ORD0190,DRV089,Bike,Industrial,49,Rainy,2.0,41.3
ORD0191,DRV062,Bike,University,28,Foggy,1.2,57.7
ORD0192,DRV097,Car,Industrial,34,Foggy,2.6,12.29
ORD0193,DRV001,Bike,Downtown,34,Foggy,1.5,5.4
ORD0194,DRV027,Scooter,Downtown,31,Sunny,1.1,68.69
ORD0195,DRV062,Car,Industrial,40,Foggy,2.4,65.97
ORD0196,DRV077,Car,Suburbs,39,Rainy,4.1,44.02
ORD0197,DRV003,Car,Industrial,32,Foggy,3.3,51.52
ORD0198,DRV070,Car,Industrial,50,Rainy,2.3,44.47
ORD0199,DRV072,Scooter,Downtown,39,Sunny,3.6,7.28
ORD0200,DRV027,Car,University,29,Rainy,1.9,36.86
ORD0201,DRV009,Car,Downtown,39,Rainy,1.1,21.82
ORD0202,DRV062,Bike,University,23,Rainy,4.1,14.35
ORD0203,DRV037,Car,Downtown,17,Sunny,3.5,95.89
ORD0204,DRV097,Scooter,Industrial,31,Foggy,4.0,61.94
ORD0205,DRV051,Scooter,Downtown,29,Foggy,1.2,74.22
ORD0206,DRV044,Scooter,Downtown,29,Sunny,4.3,34.96
ORD0207,DRV024,Scooter,Downtown,43,Rainy,3.5,42.35
ORD0208,DRV079,Car,Industrial,23,Foggy,3.3,27.51
ORD0209,DRV059,Car,Industrial,27,Sunny,3.5,14.21
ORD0210,DRV032,Scooter,Industrial,37,Foggy,4.5,22.01
ORD0211,DRV096,Scooter,Industrial,23,Sunny,3.3,80.76
ORD0212,DRV088,Car,University,49,Rainy,3.3,69.37
ORD0213,DRV052,Scooter,University,30,Foggy,5.0,56.96
ORD0214,DRV062,Bike,Suburbs,33,Sunny,4.0,50.13
ORD0215,DRV058,Scooter,Industrial,24,Foggy,2.8,92.63
ORD0216,DRV052,Scooter,University,31,Foggy,3.8,11.91
ORD0217,DRV012,Bike,Downtown,39,Foggy,2.6,31.66
ORD0218,DRV039,Bike,Industrial,40,Foggy,1.9,38.24
ORD0219,DRV002,Car,Suburbs,13,Sunny,3.4,79.33
ORD0220,DRV003,Car,Suburbs,34,Rainy,4.7,99.29
ORD0221,DRV056,Bike,Suburbs,36,Sunny,4.7,27.86
ORD0222,DRV081,Bike,Downtown,32,Sunny,2.4,88.06
ORD0223,DRV059,Car,University,17,Sunny,3.1,83.91
ORD0224,DRV002,Scooter,Downtown,46,Rainy,1.8,26.34
ORD0225,DRV002,Bike,Industrial,21,Foggy,5.0,42.94
ORD0226,DRV092,Car,Suburbs,32,Foggy,4.9,43.92
ORD0227,DRV054,Scooter,Downtown,40,Foggy,3.6,97.93
ORD0228,DRV087,Bike,Downtown,34,Rainy,4.2,22.18
ORD0229,DRV096,Scooter,University,11,Foggy,3.9,80.92
ORD0230,DRV097,Car,University,45,Rainy,3.4,36.75
ORD0231,DRV001,Bike,Suburbs,33,Foggy,1.2,74.43
ORD0232,DRV019,Scooter,Downtown,11,Foggy,2.8,44.9
ORD0233,DRV002,Bike,Downtown,40,Sunny,3.7,59.94
ORD0234,DRV053,Scooter,University,32,Rainy,3.7,84.1
ORD0235,DRV044,Car,Downtown,18,Sunny,2.5,81.4
ORD0236,DRV090,Car,Downtown,21,Sunny,4.8,87.31
ORD0237,DRV032,Bike,Downtown,26,Sunny,1.7,10.66
ORD0238,DRV070,Scooter,University,35,Rainy,3.0,70.74
ORD0239,DRV032,Bike,Suburbs,51,Rainy,3.8,18.3
ORD0240,DRV068,Bike,Industrial,40,Foggy,3.8,44.5
ORD0241,DRV055,Scooter,Suburbs,26,Sunny,3.6,57.12
ORD0242,DRV075,Scooter,Industrial,35,Foggy,2.1,43.26
ORD0243,DRV056,Scooter,Downtown,38,Sunny,1.6,54.36
ORD0244,DRV017,Car,Suburbs,54,Rainy,3.5,99.67
ORD0245,DRV038,Bike,Industrial,42,Rainy,3.4,17.85
ORD0246,DRV024,Bike,University,46,Rainy,1.7,69.17
ORD0247,DRV069,Car,University,15,Sunny,3.8,42.62
ORD0248,DRV098,Scooter,Suburbs,45,Rainy,2.8,17.64
ORD0249,DRV070,Car,Suburbs,32,Sunny,3.7,20.08
ORD0250,DRV086,Car,Downtown,33,Foggy,4.3,95.18
ORD0251,DRV011,Car,Suburbs,27,Sunny,1.7,88.56
ORD0252,DRV016,Bike,Downtown,17,Foggy,1.1,91.17
ORD0253,DRV097,Car,Downtown,18,Sunny,4.1,99.2
ORD0254,DRV073,Bike,University,15,Foggy,3.4,24.79
ORD0255,DRV059,Bike,University,34,Rainy,3.8,38.77
ORD0256,DRV070,Bike,Industrial,21,Foggy,4.4,68.58
ORD0257,DRV080,Scooter,University,50,Rainy,4.2,50.96
ORD0258,DRV093,Bike,University,54,Rainy,4.8,44.75
ORD0259,DRV003,Bike,Suburbs,37,Foggy,3.1,38.99
ORD0260,DRV020,Scooter,University,20,Sunny,3.0,61.41
ORD0261,DRV059,Bike,Industrial,34,Sunny,2.6,59.68
ORD0262,DRV036,Car,Suburbs,10,Sunny,1.6,20.34
ORD0263,DRV019,Car,Industrial,20,Sunny,3.3,49.82
ORD0264,DRV090,Bike,University,28,Sunny,2.1,57.58
ORD0265,DRV067,Scooter,Industrial,38,Rainy,4.7,59.18
ORD0266,DRV019,Car,Suburbs,36,Sunny,3.3,24.96
ORD0267,DRV020,Scooter,Downtown,26,Rainy,3.4,75.52
ORD0268,DRV096,Scooter,Industrial,34,Rainy,2.4,7.39
ORD0269,DRV071,Car,Industrial,33,Rainy,1.2,38.71
ORD0270,DRV052,Scooter,Suburbs,13,Foggy,1.1,79.12
ORD0271,DRV033,Car,Suburbs,27,Foggy,2.7,58.57
ORD0272,DRV040,Scooter,Industrial,42,Rainy,1.3,29.81
ORD0273,DRV039,Car,University,28,Foggy,3.4,71.02
ORD0274,DRV082,Bike,Industrial,22,Sunny,4.5,58.9
ORD0275,DRV001,Car,Suburbs,28,Sunny,4.5,80.64
ORD0276,DRV011,Car,Downtown,41,Rainy,3.6,74.83
ORD0277,DRV092,Car,Downtown,15,Sunny,1.8,62.96
ORD0278,DRV057,Car,University,38,Rainy,4.5,51.38
ORD0279,DRV089,Scooter,Industrial,45,Rainy,4.5,17.65
ORD0280,DRV050,Bike,Downtown,21,Sunny,1.8,29.83
ORD0281,DRV023,Car,Industrial,28,Foggy,3.9,44.81
ORD0282,DRV031,Scooter,Suburbs,14,Sunny,2.1,61.93
ORD0283,DRV094,Bike,Downtown,26,Sunny,4.2,53.8
ORD0284,DRV042,Bike,University,48,Rainy,5.0,32.38
ORD0285,DRV099,Bike,Suburbs,44,Rainy,1.1,5.61
ORD0286,DRV007,Bike,University,46,Rainy,4.6,52.14
ORD0287,DRV016,Car,Suburbs,52,Rainy,3.5,32.13
ORD0288,DRV090,Car,Downtown,10,Foggy,4.9,74.79
ORD0289,DRV060,Scooter,University,37,Foggy,2.9,7.27
ORD0290,DRV002,Scooter,University,36,Foggy,4.4,60.56
ORD0291,DRV001,Scooter,Suburbs,45,Rainy,1.2,94.44
ORD0292,DRV048,Bike,University,48,Rainy,2.3,21.57
ORD0293,DRV012,Bike,Suburbs,44,Rainy,1.3,49.81
ORD0294,DRV069,Car,Suburbs,19,Foggy,4.9,13.69
ORD0295,DRV037,Bike,Suburbs,39,Rainy,4.3,64.44
ORD0296,DRV032,Bike,Suburbs,32,Sunny,4.4,57.3
ORD0297,DRV009,Bike,Downtown,30,Sunny,4.8,43.7
ORD0298,DRV099,Scooter,Suburbs,50,Rainy,1.3,54.53
ORD0299,DRV019,Scooter,Industrial,20,Sunny,2.5,90.17
ORD0300,DRV048,Car,University,22,Sunny,1.3,23.65
ORD0301,DRV080,Bike,Industrial,14,Foggy,1.8,7.14
ORD0302,DRV003,Bike,Downtown,29,Rainy,1.9,86.86
ORD0303,DRV020,Car,Industrial,51,Rainy,2.9,59.83
ORD0304,DRV024,Bike,University,21,Foggy,2.1,89.61
ORD0305,DRV054,Bike,Industrial,20,Sunny,1.4,61.71
ORD0306,DRV033,Scooter,Downtown,26,Sunny,1.7,81.97
ORD0307,DRV024,Car,Suburbs,23,Rainy,1.6,45.82
ORD0308,DRV075,Car,Industrial,24,Sunny,4.9,76.24
ORD0309,DRV072,Car,Downtown,34,Foggy,4.0,91.74
ORD0310,DRV036,Car,Downtown,39,Foggy,4.9,59.35
ORD0311,DRV038,Scooter,University,33,Rainy,2.8,22.17
ORD0312,DRV084,Scooter,University,30,Foggy,2.1,30.54
ORD0313,DRV099,Bike,Industrial,29,Foggy,4.2,23.87
ORD0314,DRV089,Bike,Suburbs,46,Rainy,2.3,28.45
ORD0315,DRV099,Bike,Downtown,28,Foggy,2.2,34.11
ORD0316,DRV025,Bike,Industrial,21,Foggy,1.9,57.74
ORD0317,DRV093,Scooter,Downtown,14,Foggy,1.5,60.86
ORD0318,DRV018,Car,Downtown,19,Sunny,2.0,45.52
ORD0319,DRV082,Scooter,Suburbs,46,Rainy,2.4,63.46
ORD0320,DRV066,Bike,Suburbs,27,Rainy,3.7,12.75
ORD0321,DRV054,Scooter,Industrial,51,Rainy,1.3,13.34
ORD0322,DRV035,Car,Suburbs,25,Sunny,1.8,21.32
ORD0323,DRV080,Car,Suburbs,16,Sunny,4.2,54.22
ORD0324,DRV061,Scooter,Industrial,48,Rainy,1.6,25.33
ORD0325,DRV041,Scooter,Suburbs,18,Sunny,2.4,31.91
ORD0326,DRV100,Scooter,University,25,Rainy,4.5,43.03
ORD0327,DRV033,Bike,Downtown,24,Sunny,1.6,82.13
ORD0328,DRV068,Scooter,Downtown,25,Foggy,1.3,6.32
ORD0329,DRV033,Scooter,Downtown,27,Foggy,2.9,66.69
ORD0330,DRV014,Scooter,Downtown,33,Rainy,2.2,68.54
ORD0331,DRV021,Car,Industrial,12,Sunny,3.3,80.87
ORD0332,DRV048,Car,Downtown,21,Sunny,4.2,93.61
ORD0333,DRV020,Bike,Downtown,18,Foggy,1.5,6.91
ORD0334,DRV008,Bike,Downtown,37,Foggy,3.3,19.61
ORD0335,DRV007,Car,Downtown,16,Sunny,3.0,89.19
ORD0336,DRV067,Car,University,18,Sunny,1.6,48.56
ORD0337,DRV017,Car,Downtown,22,Sunny,3.5,58.64
ORD0338,DRV033,Scooter,University,27,Sunny,2.1,67.99
ORD0339,DRV048,Scooter,Industrial,14,Sunny,3.0,69.51
ORD0340,DRV076,Car,Suburbs,22,Sunny,1.3,93.52
ORD0341,DRV059,Scooter,Downtown,25,Rainy,2.8,99.71
ORD0342,DRV086,Scooter,Suburbs,40,Sunny,2.2,73.41
ORD0343,DRV022,Bike,Suburbs,11,Foggy,4.3,32.29
ORD0344,DRV030,Car,Industrial,44,Rainy,1.2,88.58
ORD0345,DRV038,Car,Suburbs,18,Sunny,2.7,9.68
ORD0346,DRV051,Scooter,University,18,Foggy,2.8,26.95
ORD0347,DRV054,Car,Suburbs,33,Rainy,3.9,90.25
ORD0348,DRV008,Bike,Suburbs,20,Foggy,3.3,29.34
ORD0349,DRV027,Bike,Suburbs,31,Sunny,3.7,25.96
ORD0350,DRV027,Bike,Downtown,33,Sunny,4.1,18.12
ORD0351,DRV098,Car,Downtown,31,Sunny,4.4,86.62
ORD0352,DRV021,Car,University,10,Sunny,2.3,52.51
ORD0353,DRV030,Car,University,32,Rainy,3.2,69.11
ORD0354,DRV097,Car,Downtown,36,Rainy,4.4,27.71
ORD0355,DRV028,Car,University,32,Foggy,5.0,77.01
ORD0356,DRV064,Bike,Downtown,22,Sunny,4.6,77.2
ORD0357,DRV097,Scooter,Industrial,22,Foggy,2.5,34.7
ORD0358,DRV069,Bike,Suburbs,31,Rainy,1.8,44.01
ORD0359,DRV061,Car,Suburbs,18,Sunny,3.0,24.92
ORD0360,DRV048,Bike,University,33,Sunny,4.0,97.77
ORD0361,DRV019,Car,Downtown,32,Rainy,3.0,66.33
ORD0362,DRV004,Car,Downtown,28,Rainy,2.9,93.78
ORD0363,DRV035,Bike,University,27,Rainy,4.4,33.82
ORD0364,DRV064,Car,Downtown,47,Rainy,2.4,79.28
ORD0365,DRV049,Scooter,Industrial,29,Rainy,4.4,77.76
ORD0366,DRV017,Car,Suburbs,37,Sunny,2.6,70.71
ORD0367,DRV044,Scooter,University,30,Rainy,2.3,96.74
ORD0368,DRV092,Scooter,University,21,Sunny,2.8,42.39
ORD0369,DRV030,Car,Downtown,21,Sunny,4.0,17.42
ORD0370,DRV093,Bike,University,43,Rainy,1.5,68.81
ORD0371,DRV046,Scooter,Industrial,48,Rainy,1.8,74.28
ORD0372,DRV006,Bike,Downtown,17,Sunny,4.8,59.63
ORD0373,DRV099,Scooter,Downtown,49,Rainy,1.7,24.65
ORD0374,DRV037,Car,Downtown,41,Rainy,3.3,52.92
ORD0375,DRV024,Car,Downtown,20,Rainy,3.3,34.66
ORD0376,DRV093,Scooter,Industrial,13,Foggy,3.0,45.61
ORD0377,DRV046,Car,Downtown,30,Sunny,3.6,66.3
ORD0378,DRV053,Scooter,University,37,Foggy,1.9,75.8
ORD0379,DRV095,Car,Industrial,33,Rainy,3.2,27.06
ORD0380,DRV099,Bike,Suburbs,12,Foggy,2.5,43.51
ORD0381,DRV060,Car,Suburbs,38,Rainy,3.6,30.57
ORD0382,DRV097,Bike,University,34,Foggy,1.6,23.87
ORD0383,DRV063,Car,University,36,Rainy,3.3,79.42
ORD0384,DRV085,Bike,Industrial,31,Foggy,1.7,91.38
ORD0385,DRV032,Car,Suburbs,31,Foggy,2.1,40.17
ORD0386,DRV087,Bike,Suburbs,19,Foggy,1.9,76.37
ORD0387,DRV033,Scooter,Suburbs,30,Sunny,1.7,90.21
ORD0388,DRV067,Scooter,Suburbs,21,Foggy,4.3,85.38
ORD0389,DRV018,Bike,Suburbs,24,Sunny,2.1,22.37
ORD0390,DRV025,Car,Downtown,48,Rainy,4.7,95.85
ORD0391,DRV095,Bike,University,19,Foggy,4.9,40.78
ORD0392,DRV054,Car,Downtown,36,Rainy,3.3,37.23
ORD0393,DRV058,Scooter,Suburbs,34,Rainy,1.6,10.93
ORD0394,DRV067,Car,Industrial,14,Foggy,2.5,51.19
ORD0395,DRV046,Scooter,Industrial,15,Sunny,4.2,15.36
ORD0396,DRV024,Car,Suburbs,33,Foggy,2.5,28.61
ORD0397,DRV032,Car,Suburbs,21,Rainy,1.3,35.11
ORD0398,DRV047,Car,Industrial,50,Rainy,3.2,81.84
ORD0399,DRV086,Bike,Downtown,26,Foggy,4.4,88.17
ORD0400,DRV023,Bike,Downtown,13,Sunny,4.2,33.73
ORD0401,DRV066,Scooter,Suburbs,23,Sunny,1.7,86.58
ORD0402,DRV027,Scooter,Downtown,32,Rainy,3.7,86.44
ORD0403,DRV002,Bike,Industrial,30,Rainy,1.9,77.64
ORD0404,DRV090,Scooter,Downtown,34,Sunny,1.9,18.94
ORD0405,DRV017,Bike,Suburbs,12,Foggy,4.5,70.58
ORD0406,DRV033,Car,Industrial,43,Rainy,2.0,94.78
ORD0407,DRV009,Scooter,Downtown,15,Sunny,2.1,69.84
ORD0408,DRV043,Scooter,University,41,Rainy,1.0,36.5
ORD0409,DRV048,Bike,Industrial,21,Foggy,4.5,52.56
ORD0410,DRV039,Scooter,Industrial,31,Sunny,4.2,66.34
ORD0411,DRV093,Scooter,University,44,Rainy,3.5,53.5
ORD0412,DRV042,Car,University,33,Foggy,4.0,16.4
ORD0413,DRV026,Scooter,Industrial,48,Rainy,1.6,34.65
ORD0414,DRV099,Car,University,20,Foggy,2.8,81.23
ORD0415,DRV050,Bike,Suburbs,34,Foggy,2.4,86.83
ORD0416,DRV025,Scooter,Suburbs,13,Sunny,1.4,18.04
ORD0417,DRV024,Car,Suburbs,35,Foggy,2.9,95.48
ORD0418,DRV013,Bike,Industrial,56,Rainy,4.7,36.24
ORD0419,DRV060,Scooter,University,35,Foggy,1.2,67.92
ORD0420,DRV007,Bike,University,15,Foggy,2.2,76.42
ORD0421,DRV057,Scooter,Downtown,10,Sunny,1.8,82.13
ORD0422,DRV036,Bike,Downtown,29,Foggy,2.0,94.85
ORD0423,DRV045,Bike,University,32,Foggy,4.6,34.73
ORD0424,DRV020,Car,University,48,Rainy,2.9,86.56
ORD0425,DRV065,Bike,University,25,Sunny,2.9,17.51
ORD0426,DRV008,Scooter,Industrial,24,Sunny,4.0,71.98
ORD0427,DRV016,Scooter,University,26,Sunny,1.6,75.49
ORD0428,DRV014,Car,Downtown,17,Foggy,2.9,69.38
ORD0429,DRV076,Scooter,Industrial,37,Sunny,2.7,28.97
ORD0430,DRV087,Scooter,University,35,Foggy,3.4,87.94
ORD0431,DRV015,Scooter,Downtown,21,Foggy,5.0,21.04
ORD0432,DRV092,Bike,Industrial,56,Rainy,4.1,10.1
ORD0433,DRV098,Bike,University,46,Rainy,2.6,73.16
ORD0434,DRV066,Scooter,University,41,Rainy,4.3,50.17
ORD0435,DRV032,Car,University,31,Rainy,1.7,85.66
ORD0436,DRV087,Bike,Industrial,49,Rainy,1.1,41.42
ORD0437,DRV063,Car,Downtown,24,Foggy,1.8,20.99
ORD0438,DRV086,Scooter,Downtown,39,Foggy,2.4,84.46
ORD0439,DRV051,Scooter,Suburbs,18,Sunny,3.0,57.15
ORD0440,DRV025,Bike,University,11,Foggy,3.5,22.97
ORD0441,DRV058,Scooter,Suburbs,14,Foggy,4.6,73.44
ORD0442,DRV063,Bike,Suburbs,35,Rainy,3.0,53.56
ORD0443,DRV062,Scooter,Downtown,16,Foggy,3.0,62.41
ORD0444,DRV022,Scooter,Industrial,44,Rainy,1.2,48.79
ORD0445,DRV058,Bike,Industrial,34,Sunny,1.1,83.73
ORD0446,DRV058,Bike,Downtown,10,Sunny,3.2,83.81
ORD0447,DRV086,Bike,Industrial,32,Foggy,2.8,72.39
ORD0448,DRV049,Scooter,Suburbs,35,Sunny,4.4,15.01
ORD0449,DRV052,Scooter,University,16,Foggy,1.6,84.69
ORD0450,DRV042,Car,Downtown,29,Sunny,1.1,68.75
ORD0451,DRV070,Bike,University,52,Rainy,2.8,71.22
ORD0452,DRV015,Scooter,Industrial,52,Rainy,1.9,39.48
ORD0453,DRV054,Scooter,University,41,Rainy,1.2,88.53
ORD0454,DRV060,Bike,Industrial,43,Rainy,3.9,73.91
ORD0455,DRV097,Car,Industrial,25,Foggy,1.4,15.7
ORD0456,DRV008,Bike,Suburbs,20,Sunny,3.4,43.74
ORD0457,DRV053,Car,Industrial,30,Foggy,2.1,89.21
ORD0458,DRV060,Scooter,Suburbs,33,Rainy,1.7,9.48
ORD0459,DRV005,Car,Suburbs,22,Foggy,2.5,96.33
ORD0460,DRV068,Scooter,Suburbs,16,Sunny,4.2,69.52
ORD0461,DRV006,Bike,Downtown,13,Foggy,2.6,64.98
ORD0462,DRV096,Bike,Downtown,24,Sunny,4.0,30.7
ORD0463,DRV094,Bike,Industrial,28,Foggy,1.5,28.64
ORD0464,DRV047,Car,Suburbs,18,Sunny,4.1,94.5
ORD0465,DRV099,Scooter,Downtown,20,Sunny,1.9,33.34
ORD0466,DRV055,Bike,Suburbs,36,Rainy,3.7,78.67
ORD0467,DRV040,Bike,University,10,Sunny,3.3,42.35
ORD0468,DRV052,Scooter,University,44,Rainy,4.7,18.23
ORD0469,DRV016,Bike,University,51,Rainy,2.5,6.02
ORD0470,DRV013,Scooter,Industrial,43,Rainy,1.3,56.7
ORD0471,DRV030,Scooter,Suburbs,17,Foggy,1.1,97.7
ORD0472,DRV019,Scooter,University,22,Foggy,4.3,40.07
ORD0473,DRV017,Scooter,Downtown,31,Foggy,3.1,38.93
ORD0474,DRV063,Scooter,University,36,Foggy,4.1,37.69
ORD0475,DRV019,Car,University,13,Sunny,1.9,54.45
ORD0476,DRV092,Bike,University,17,Sunny,2.4,46.86
ORD0477,DRV058,Car,Industrial,12,Foggy,1.1,88.59
ORD0478,DRV055,Bike,Downtown,38,Sunny,4.8,53.02
ORD0479,DRV090,Car,Suburbs,18,Sunny,3.7,53.24
ORD0480,DRV090,Scooter,Downtown,58,Rainy,4.7,18.15
ORD0481,DRV062,Bike,Suburbs,29,Rainy,2.1,98.36
ORD0482,DRV023,Bike,Industrial,29,Rainy,3.4,28.75
ORD0483,DRV009,Car,Industrial,56,Rainy,3.7,11.97
ORD0484,DRV012,Car,Industrial,22,Sunny,2.3,68.0
ORD0485,DRV001,Bike,Industrial,24,Foggy,4.4,61.56
ORD0486,DRV058,Car,Suburbs,37,Sunny,4.8,44.44
ORD0487,DRV001,Car,University,32,Sunny,4.5,45.11
ORD0488,DRV034,Car,Suburbs,21,Sunny,4.0,79.58
ORD0489,DRV096,Scooter,Downtown,46,Rainy,2.1,23.59
ORD0490,DRV048,Scooter,Industrial,26,Rainy,2.1,82.92
ORD0491,DRV089,Car,Industrial,52,Rainy,4.9,66.63
ORD0492,DRV001,Car,Downtown,17,Foggy,1.0,44.8
ORD0493,DRV016,Scooter,Suburbs,18,Sunny,3.9,48.51
ORD0494,DRV061,Scooter,University,32,Foggy,3.8,29.38
ORD0495,DRV064,Bike,University,30,Rainy,3.5,76.45
ORD0496,DRV063,Bike,Downtown,33,Foggy,5.0,53.72
ORD0497,DRV069,Scooter,University,29,Sunny,2.2,35.48
ORD0498,DRV022,Car,Suburbs,27,Sunny,2.4,61.62
ORD0499,DRV093,Car,Suburbs,30,Rainy,1.3,99.59
ORD0500,DRV067,Car,Downtown,38,Rainy,2.8,46.35
ORD0501,DRV076,Car,Suburbs,37,Foggy,2.0,92.47
ORD0502,DRV026,Bike,Industrial,47,Rainy,2.4,37.78
ORD0503,DRV016,Scooter,Downtown,31,Rainy,4.3,10.2
ORD0504,DRV051,Car,Suburbs,26,Sunny,4.7,24.4
ORD0505,DRV086,Bike,Downtown,46,Rainy,1.7,44.78
ORD0506,DRV057,Car,University,53,Rainy,2.5,25.87
ORD0507,DRV029,Scooter,Suburbs,21,Sunny,4.7,5.02
ORD0508,DRV078,Bike,Industrial,16,Sunny,1.2,91.93
ORD0509,DRV092,Scooter,Suburbs,19,Foggy,1.4,85.17
ORD0510,DRV069,Scooter,Downtown,48,Rainy,1.7,75.52
ORD0511,DRV047,Bike,Downtown,35,Sunny,3.4,20.94
ORD0512,DRV094,Bike,Suburbs,34,Foggy,1.6,16.43
ORD0513,DRV062,Bike,Industrial,19,Foggy,4.9,11.42
ORD0514,DRV069,Bike,Industrial,56,Rainy,2.8,73.78
ORD0515,DRV076,Bike,Industrial,33,Rainy,3.0,93.24
ORD0516,DRV016,Bike,Downtown,28,Foggy,2.0,45.9
ORD0517,DRV090,Bike,Suburbs,20,Sunny,2.9,16.32
ORD0518,DRV090,Car,University,22,Foggy,3.6,53.68
ORD0519,DRV048,Scooter,Downtown,47,Rainy,4.0,38.14
ORD0520,DRV085,Bike,Industrial,17,Sunny,4.0,40.61
ORD0521,DRV039,Car,Suburbs,17,Sunny,3.3,64.03
ORD0522,DRV100,Car,Industrial,13,Foggy,4.6,73.28
ORD0523,DRV033,Car,University,44,Rainy,4.3,15.51
ORD0524,DRV094,Scooter,Industrial,40,Foggy,4.0,8.38
ORD0525,DRV023,Bike,Industrial,37,Foggy,1.2,99.46
ORD0526,DRV010,Car,University,20,Foggy,1.0,27.11
ORD0527,DRV069,Scooter,Suburbs,20,Sunny,1.8,10.11
ORD0528,DRV100,Scooter,Downtown,10,Sunny,3.7,23.04
ORD0529,DRV034,Scooter,Suburbs,37,Rainy,2.6,8.7
ORD0530,DRV052,Car,University,36,Rainy,2.6,42.22
ORD0531,DRV095,Bike,Industrial,29,Foggy,4.5,81.23
ORD0532,DRV010,Car,Suburbs,15,Foggy,4.6,37.42
ORD0533,DRV019,Car,Downtown,33,Foggy,4.6,47.2
ORD0534,DRV058,Bike,University,50,Rainy,2.3,69.18
ORD0535,DRV096,Bike,Suburbs,37,Sunny,3.8,53.34
ORD0536,DRV001,Bike,Downtown,34,Sunny,2.1,86.84
ORD0537,DRV069,Scooter,University,24,Foggy,1.8,87.27
ORD0538,DRV004,Bike,Downtown,40,Foggy,1.7,5.94
ORD0539,DRV016,Car,University,18,Foggy,2.4,78.91
ORD0540,DRV024,Bike,Industrial,23,Foggy,2.7,48.77
ORD0541,DRV080,Car,Suburbs,37,Rainy,4.3,98.94
ORD0542,DRV002,Scooter,Downtown,35,Sunny,1.5,50.91
ORD0543,DRV092,Car,University,26,Foggy,3.9,98.76
ORD0544,DRV032,Car,Downtown,47,Rainy,3.1,76.68
ORD0545,DRV091,Bike,Downtown,14,Foggy,2.2,28.62
ORD0546,DRV084,Bike,Suburbs,29,Foggy,3.0,56.15
ORD0547,DRV024,Car,Industrial,29,Sunny,2.2,99.25
ORD0548,DRV012,Bike,Downtown,18,Foggy,3.4,86.47
ORD0549,DRV050,Scooter,University,20,Sunny,2.7,14.25
ORD0550,DRV035,Scooter,University,33,Sunny,1.7,72.11
ORD0551,DRV033,Bike,Industrial,31,Sunny,1.5,37.83
ORD0552,DRV033,Scooter,University,21,Rainy,3.2,5.66
ORD0553,DRV061,Bike,Industrial,43,Rainy,4.6,43.33
ORD0554,DRV051,Car,University,15,Sunny,2.4,27.3
ORD0555,DRV043,Car,Suburbs,36,Foggy,3.9,82.79
ORD0556,DRV012,Scooter,Downtown,11,Sunny,3.6,37.05
ORD0557,DRV067,Bike,Suburbs,24,Foggy,4.7,83.61
ORD0558,DRV065,Bike,Downtown,38,Sunny,4.3,5.06
ORD0559,DRV033,Scooter,Downtown,35,Foggy,3.3,34.24
ORD0560,DRV040,Car,Downtown,49,Rainy,3.6,27.91
ORD0561,DRV074,Scooter,Suburbs,23,Foggy,4.6,27.19
ORD0562,DRV043,Car,Downtown,14,Sunny,2.6,11.48
ORD0563,DRV044,Bike,Suburbs,26,Rainy,2.3,22.78
ORD0564,DRV029,Car,Industrial,15,Foggy,1.0,57.78
ORD0565,DRV013,Scooter,University,39,Foggy,4.3,32.68
ORD0566,DRV012,Bike,University,31,Foggy,4.2,44.65
ORD0567,DRV095,Scooter,Downtown,39,Foggy,1.4,40.8
ORD0568,DRV046,Scooter,Suburbs,27,Foggy,3.3,88.21
ORD0569,DRV002,Car,University,38,Rainy,2.9,91.0
ORD0570,DRV035,Scooter,Suburbs,31,Rainy,1.5,51.83
ORD0571,DRV087,Car,Suburbs,36,Rainy,4.9,36.36
ORD0572,DRV081,Bike,Downtown,42,Rainy,1.9,15.15
ORD0573,DRV090,Car,University,40,Sunny,1.3,95.57
ORD0574,DRV008,Bike,Downtown,56,Rainy,3.4,10.72
ORD0575,DRV093,Car,Downtown,12,Foggy,4.0,33.28
ORD0576,DRV026,Scooter,University,39,Foggy,1.1,33.32
ORD0577,DRV074,Car,University,27,Rainy,3.6,35.44
ORD0578,DRV090,Car,Industrial,38,Foggy,3.1,20.61
ORD0579,DRV034,Bike,Industrial,36,Rainy,1.4,79.4
ORD0580,DRV007,Scooter,Suburbs,21,Foggy,1.7,16.64
ORD0581,DRV068,Car,University,22,Sunny,3.3,65.32
ORD0582,DRV058,Scooter,Industrial,20,Sunny,2.2,16.77
ORD0583,DRV075,Car,Suburbs,36,Rainy,4.8,11.7
ORD0584,DRV029,Car,Suburbs,20,Rainy,4.3,91.4
ORD0585,DRV036,Scooter,Suburbs,42,Rainy,4.9,23.06
ORD0586,DRV089,Car,Industrial,25,Foggy,2.0,83.02
ORD0587,DRV021,Scooter,University,37,Rainy,4.9,56.74
ORD0588,DRV036,Car,Downtown,22,Sunny,2.7,12.4
ORD0589,DRV010,Bike,Suburbs,27,Foggy,2.4,95.77
ORD0590,DRV073,Scooter,Industrial,40,Rainy,1.2,28.46
ORD0591,DRV024,Car,Industrial,40,Foggy,1.2,86.67
ORD0592,DRV064,Car,Downtown,37,Foggy,3.8,21.04
ORD0593,DRV099,Bike,Downtown,38,Rainy,2.8,86.12
ORD0594,DRV049,Scooter,Industrial,15,Foggy,1.9,6.26
ORD0595,DRV099,Car,University,18,Sunny,3.5,53.62
ORD0596,DRV036,Bike,Downtown,25,Sunny,2.0,78.1
ORD0597,DRV082,Car,Industrial,13,Foggy,3.3,93.81
ORD0598,DRV096,Scooter,Downtown,24,Rainy,2.4,91.37
ORD0599,DRV024,Car,University,37,Foggy,4.3,82.86
ORD0600,DRV023,Car,Suburbs,25,Sunny,4.3,89.38
ORD0601,DRV062,Car,Downtown,33,Foggy,2.9,23.93
ORD0602,DRV096,Car,University,36,Foggy,2.4,32.0
ORD0603,DRV037,Bike,Industrial,35,Sunny,2.5,32.45
ORD0604,DRV012,Bike,Downtown,39,Foggy,4.2,40.82
ORD0605,DRV055,Scooter,Downtown,34,Foggy,2.3,42.37
ORD0606,DRV013,Bike,Industrial,40,Rainy,1.8,56.73
ORD0607,DRV023,Bike,Suburbs,30,Rainy,1.3,20.19
ORD0608,DRV089,Scooter,Industrial,14,Sunny,2.9,70.67
ORD0609,DRV099,Bike,Downtown,34,Sunny,2.9,20.92
ORD0610,DRV030,Bike,Industrial,27,Sunny,4.4,34.48
ORD0611,DRV017,Scooter,University,46,Rainy,1.9,52.82
ORD0612,DRV062,Scooter,Industrial,32,Sunny,2.5,80.66
ORD0613,DRV084,Scooter,Downtown,32,Sunny,4.2,75.25
ORD0614,DRV089,Car,Industrial,15,Sunny,4.3,66.33
ORD0615,DRV086,Car,Suburbs,46,Rainy,2.5,19.8
ORD0616,DRV013,Scooter,Industrial,27,Foggy,2.8,56.97
ORD0617,DRV059,Scooter,Suburbs,35,Sunny,2.2,13.31
ORD0618,DRV019,Scooter,University,15,Foggy,4.7,40.85
ORD0619,DRV049,Car,Suburbs,13,Sunny,1.5,44.28
ORD0620,DRV100,Car,Industrial,21,Foggy,4.7,8.78
ORD0621,DRV012,Bike,Downtown,48,Rainy,3.7,31.03
ORD0622,DRV061,Bike,Suburbs,56,Rainy,3.1,95.79
ORD0623,DRV019,Scooter,University,36,Sunny,1.1,95.6
ORD0624,DRV076,Car,Suburbs,38,Foggy,2.9,38.47
ORD0625,DRV009,Car,Suburbs,27,Rainy,2.6,9.09
ORD0626,DRV071,Car,Suburbs,26,Sunny,1.6,22.01
ORD0627,DRV028,Scooter,University,20,Sunny,3.6,42.26
ORD0628,DRV078,Bike,Industrial,30,Rainy,4.9,95.04
ORD0629,DRV095,Scooter,Suburbs,40,Rainy,3.2,18.41
ORD0630,DRV052,Bike,Suburbs,25,Sunny,3.9,77.53
ORD0631,DRV083,Bike,Downtown,11,Foggy,1.3,15.32
ORD0632,DRV016,Scooter,University,11,Foggy,2.7,98.22
ORD0633,DRV069,Bike,Suburbs,32,Foggy,1.5,41.25
ORD0634,DRV099,Bike,University,17,Sunny,3.5,78.65
ORD0635,DRV012,Car,Suburbs,37,Rainy,4.8,37.55
ORD0636,DRV025,Bike,Industrial,19,Sunny,3.6,64.63
ORD0637,DRV052,Scooter,Industrial,31,Rainy,1.3,23.24
ORD0638,DRV085,Scooter,Suburbs,39,Foggy,2.4,18.87
ORD0639,DRV100,Bike,Industrial,13,Foggy,3.2,94.12
ORD0640,DRV053,Car,Suburbs,42,Rainy,2.6,92.18
ORD0641,DRV023,Car,Industrial,50,Rainy,4.3,89.31
ORD0642,DRV016,Bike,Downtown,10,Sunny,4.3,64.42
ORD0643,DRV057,Bike,Downtown,20,Foggy,3.4,81.79
ORD0644,DRV039,Scooter,Downtown,16,Sunny,2.5,11.56
ORD0645,DRV053,Bike,University,26,Sunny,2.0,36.8
ORD0646,DRV042,Car,University,36,Sunny,1.4,34.8
ORD0647,DRV058,Bike,Downtown,29,Foggy,2.4,65.39
ORD0648,DRV039,Scooter,University,33,Sunny,2.7,38.82
ORD0649,DRV014,Scooter,Industrial,27,Sunny,3.7,19.11
ORD0650,DRV095,Scooter,Suburbs,31,Sunny,3.6,61.66
ORD0651,DRV005,Scooter,Suburbs,38,Sunny,1.3,82.37
ORD0652,DRV035,Scooter,Suburbs,31,Sunny,2.6,41.3
ORD0653,DRV087,Bike,Downtown,21,Sunny,1.7,17.57
ORD0654,DRV093,Bike,University,18,Foggy,1.6,23.69
ORD0655,DRV075,Bike,Industrial,14,Sunny,4.3,27.56
ORD0656,DRV018,Bike,Industrial,36,Rainy,1.2,33.49
ORD0657,DRV076,Scooter,Downtown,13,Sunny,2.7,66.07
ORD0658,DRV009,Car,Industrial,14,Sunny,1.7,62.09
ORD0659,DRV074,Bike,Industrial,37,Foggy,4.5,71.13
ORD0660,DRV058,Car,Industrial,37,Foggy,3.2,39.44
ORD0661,DRV017,Bike,Industrial,39,Rainy,1.9,83.28
ORD0662,DRV007,Bike,University,54,Rainy,3.0,24.39
ORD0663,DRV046,Car,Industrial,20,Foggy,3.9,49.56
ORD0664,DRV013,Scooter,Suburbs,30,Foggy,4.8,81.09
ORD0665,DRV040,Bike,Downtown,33,Sunny,1.9,22.12
ORD0666,DRV042,Bike,University,19,Foggy,4.5,15.44
ORD0667,DRV009,Bike,Industrial,48,Rainy,4.7,88.95
ORD0668,DRV050,Car,University,17,Sunny,4.7,37.58
ORD0669,DRV027,Scooter,Industrial,30,Rainy,3.5,69.97
ORD0670,DRV066,Car,Suburbs,32,Sunny,3.5,7.41
ORD0671,DRV005,Car,Downtown,17,Foggy,2.6,70.55
ORD0672,DRV029,Scooter,Industrial,45,Rainy,4.0,35.03
ORD0673,DRV037,Car,Industrial,36,Sunny,3.1,10.3
ORD0674,DRV038,Scooter,Industrial,31,Sunny,3.7,62.93
ORD0675,DRV083,Bike,Industrial,14,Foggy,2.7,27.88
ORD0676,DRV008,Scooter,Downtown,36,Foggy,3.9,41.75
ORD0677,DRV065,Bike,Downtown,34,Foggy,4.3,12.66
ORD0678,DRV086,Car,Suburbs,58,Rainy,1.6,18.98
ORD0679,DRV017,Car,Downtown,12,Sunny,4.3,33.31
ORD0680,DRV071,Bike,Industrial,21,Foggy,3.2,13.53
ORD0681,DRV089,Car,Suburbs,37,Rainy,4.4,91.53
ORD0682,DRV045,Scooter,Suburbs,41,Rainy,2.7,5.57
ORD0683,DRV004,Bike,Suburbs,36,Rainy,2.5,50.97
ORD0684,DRV036,Car,Industrial,13,Foggy,4.7,16.71
ORD0685,DRV070,Bike,University,18,Foggy,2.0,34.23
ORD0686,DRV031,Scooter,Industrial,31,Sunny,4.4,92.98
ORD0687,DRV019,Scooter,Downtown,33,Sunny,2.9,20.36
ORD0688,DRV061,Car,Downtown,32,Foggy,3.1,96.75
ORD0689,DRV054,Scooter,Industrial,49,Rainy,2.2,24.55
ORD0690,DRV039,Bike,Industrial,22,Rainy,3.3,75.45
ORD0691,DRV091,Scooter,Suburbs,48,Rainy,2.3,56.93
ORD0692,DRV074,Bike,Industrial,10,Sunny,1.2,89.03
ORD0693,DRV090,Bike,Suburbs,48,Rainy,2.1,57.63
ORD0694,DRV019,Scooter,Downtown,38,Sunny,1.0,55.78
ORD0695,DRV039,Car,Suburbs,16,Sunny,4.9,23.57
ORD0696,DRV067,Scooter,Industrial,37,Rainy,4.9,20.79
ORD0697,DRV045,Bike,Downtown,23,Rainy,2.6,92.07
ORD0698,DRV013,Bike,University,29,Foggy,3.9,36.14
ORD0699,DRV092,Scooter,Suburbs,29,Foggy,2.4,40.35
ORD0700,DRV058,Car,Downtown,45,Rainy,3.7,77.18
ORD0701,DRV020,Car,Suburbs,39,Sunny,4.2,37.19
ORD0702,DRV092,Bike,Downtown,12,Sunny,4.8,95.45
ORD0703,DRV072,Bike,Downtown,12,Sunny,2.6,75.1
ORD0704,DRV061,Car,Suburbs,26,Sunny,4.1,61.76
ORD0705,DRV039,Scooter,University,16,Sunny,2.1,88.69
ORD0706,DRV001,Bike,Downtown,36,Foggy,5.0,9.71
ORD0707,DRV003,Bike,Downtown,55,Rainy,1.1,29.42
ORD0708,DRV077,Car,Downtown,23,Foggy,3.4,49.18
ORD0709,DRV092,Scooter,University,26,Sunny,3.6,26.56
ORD0710,DRV062,Car,University,27,Sunny,3.8,75.67
ORD0711,DRV063,Scooter,Industrial,22,Sunny,1.5,92.32
ORD0712,DRV025,Scooter,Suburbs,29,Sunny,4.8,45.26
ORD0713,DRV056,Scooter,University,57,Rainy,1.7,37.5
ORD0714,DRV033,Bike,Suburbs,29,Sunny,3.5,96.35
ORD0715,DRV038,Car,Industrial,48,Rainy,1.9,47.26
ORD0716,DRV006,Car,Suburbs,36,Sunny,2.2,51.46
ORD0717,DRV058,Scooter,University,40,Rainy,3.2,38.41
ORD0718,DRV044,Bike,Suburbs,13,Foggy,2.7,91.41
ORD0719,DRV045,Bike,University,10,Sunny,1.6,59.05
ORD0720,DRV032,Car,Suburbs,42,Rainy,1.7,77.41
ORD0721,DRV045,Bike,University,10,Foggy,2.7,82.12
ORD0722,DRV061,Bike,University,35,Sunny,4.0,37.48
ORD0723,DRV047,Scooter,Suburbs,35,Sunny,4.6,46.2
ORD0724,DRV021,Bike,Industrial,22,Sunny,1.3,85.6
ORD0725,DRV080,Scooter,Downtown,45,Rainy,2.6,39.51
ORD0726,DRV085,Car,Industrial,49,Rainy,1.4,80.42
ORD0727,DRV075,Bike,Suburbs,32,Foggy,1.1,94.39
ORD0728,DRV036,Car,Industrial,34,Rainy,3.6,64.2
ORD0729,DRV099,Car,University,53,Rainy,3.4,75.45
ORD0730,DRV019,Bike,Downtown,20,Sunny,1.7,81.48
ORD0731,DRV020,Bike,Suburbs,18,Sunny,1.9,85.28
ORD0732,DRV057,Car,Suburbs,18,Sunny,1.1,42.53
ORD0733,DRV018,Bike,Suburbs,14,Sunny,4.3,9.87
ORD0734,DRV047,Scooter,Downtown,35,Sunny,4.9,43.18
ORD0735,DRV049,Scooter,University,10,Sunny,1.5,69.01
ORD0736,DRV014,Bike,Suburbs,26,Sunny,1.9,47.78
ORD0737,DRV015,Car,Industrial,31,Foggy,4.5,76.15
ORD0738,DRV031,Bike,Suburbs,11,Foggy,4.7,38.91
ORD0739,DRV001,Bike,Suburbs,33,Foggy,2.7,65.3
ORD0740,DRV054,Car,Suburbs,22,Foggy,1.2,22.71
ORD0741,DRV003,Car,Suburbs,18,Sunny,1.2,76.19
ORD0742,DRV016,Scooter,University,38,Foggy,3.3,56.84
ORD0743,DRV087,Car,Industrial,13,Sunny,2.6,24.39
ORD0744,DRV057,Scooter,University,14,Foggy,1.1,32.73
ORD0745,DRV075,Car,Industrial,33,Rainy,3.3,76.12
ORD0746,DRV012,Bike,Suburbs,33,Foggy,1.0,50.85
ORD0747,DRV074,Scooter,Downtown,28,Foggy,4.1,25.52
ORD0748,DRV096,Scooter,University,30,Sunny,2.2,96.89
ORD0749,DRV016,Scooter,Downtown,12,Foggy,1.2,72.94
ORD0750,DRV072,Bike,University,31,Rainy,3.4,95.93
ORD0751,DRV076,Bike,Suburbs,35,Sunny,2.6,45.57
ORD0752,DRV024,Bike,University,28,Sunny,4.9,50.13
ORD0753,DRV028,Bike,Suburbs,28,Foggy,3.2,90.31
ORD0754,DRV008,Bike,University,22,Sunny,2.1,54.88
ORD0755,DRV092,Scooter,Suburbs,37,Sunny,3.8,72.19
ORD0756,DRV036,Bike,Suburbs,16,Sunny,2.1,28.96
ORD0757,DRV090,Scooter,Industrial,24,Sunny,4.6,47.44
ORD0758,DRV008,Bike,Suburbs,32,Sunny,2.5,16.73
ORD0759,DRV058,Car,Industrial,16,Sunny,3.2,24.57
ORD0760,DRV060,Scooter,Suburbs,51,Rainy,1.2,5.09
ORD0761,DRV050,Car,Downtown,17,Foggy,2.7,8.73
ORD0762,DRV028,Scooter,Suburbs,26,Rainy,4.3,97.84
ORD0763,DRV092,Car,Downtown,30,Sunny,4.2,28.02
ORD0764,DRV041,Bike,Downtown,23,Sunny,1.9,68.01
ORD0765,DRV100,Bike,Suburbs,13,Foggy,1.9,84.71
ORD0766,DRV064,Bike,Downtown,47,Rainy,4.3,57.31
ORD0767,DRV027,Scooter,Industrial,19,Foggy,4.7,19.55
ORD0768,DRV063,Car,University,40,Rainy,1.4,74.17
ORD0769,DRV017,Bike,Suburbs,24,Sunny,2.8,62.02
ORD0770,DRV073,Car,Downtown,27,Foggy,2.3,74.47
ORD0771,DRV033,Car,Suburbs,29,Foggy,4.5,78.13
ORD0772,DRV084,Bike,Industrial,22,Sunny,1.3,97.66
ORD0773,DRV077,Bike,Suburbs,38,Foggy,1.8,59.49
ORD0774,DRV092,Car,Suburbs,35,Rainy,4.0,37.46
ORD0775,DRV029,Bike,Downtown,28,Rainy,1.2,66.6
ORD0776,DRV013,Bike,Industrial,40,Rainy,3.0,11.5
ORD0777,DRV046,Bike,University,43,Rainy,2.8,90.25
ORD0778,DRV035,Scooter,University,25,Sunny,2.3,16.34
ORD0779,DRV006,Car,Downtown,16,Foggy,2.6,36.15
ORD0780,DRV082,Car,Suburbs,37,Rainy,3.1,82.5
ORD0781,DRV069,Scooter,Downtown,37,Sunny,1.6,61.74
ORD0782,DRV047,Car,Downtown,23,Foggy,3.3,42.4
ORD0783,DRV025,Bike,Downtown,34,Foggy,4.2,49.98
ORD0784,DRV066,Car,Suburbs,36,Sunny,4.0,86.18
ORD0785,DRV010,Bike,Industrial,13,Sunny,1.6,37.3
ORD0786,DRV056,Scooter,Downtown,49,Rainy,1.6,87.62
ORD0787,DRV030,Bike,Suburbs,24,Foggy,2.1,13.37
ORD0788,DRV005,Car,Industrial,12,Foggy,2.4,78.8
ORD0789,DRV033,Car,Downtown,14,Sunny,2.6,85.52
ORD0790,DRV065,Car,University,10,Foggy,3.7,22.27
ORD0791,DRV018,Scooter,Industrial,22,Rainy,1.2,45.88
ORD0792,DRV096,Scooter,Downtown,24,Foggy,1.1,20.72
ORD0793,DRV049,Car,Industrial,33,Sunny,2.6,72.13
ORD0794,DRV011,Bike,Industrial,36,Sunny,3.8,55.86
ORD0795,DRV085,Scooter,Industrial,36,Rainy,1.8,65.36
ORD0796,DRV026,Car,Industrial,54,Rainy,3.6,23.67
ORD0797,DRV063,Car,Industrial,38,Foggy,2.0,25.12
ORD0798,DRV089,Scooter,Industrial,13,Foggy,4.5,8.94
ORD0799,DRV086,Scooter,Downtown,11,Sunny,4.6,35.6
ORD0800,DRV059,Scooter,University,49,Rainy,2.2,58.18
ORD0801,DRV027,Bike,Suburbs,49,Rainy,1.9,86.5
ORD0802,DRV049,Bike,Industrial,45,Rainy,2.6,68.36
ORD0803,DRV077,Car,Suburbs,19,Foggy,2.0,46.36
ORD0804,DRV033,Scooter,Downtown,26,Rainy,3.7,95.55
ORD0805,DRV098,Bike,Industrial,12,Sunny,4.3,73.33
ORD0806,DRV099,Scooter,University,11,Sunny,3.7,93.37
ORD0807,DRV001,Car,Suburbs,34,Foggy,4.3,55.12
ORD0808,DRV021,Bike,Industrial,26,Foggy,2.6,29.6
ORD0809,DRV055,Bike,Downtown,44,Rainy,1.6,10.02
ORD0810,DRV006,Bike,University,30,Foggy,4.0,73.98
ORD0811,DRV092,Car,Suburbs,33,Sunny,2.4,16.52
ORD0812,DRV081,Scooter,Suburbs,41,Rainy,3.7,33.76
ORD0813,DRV069,Bike,Industrial,32,Sunny,2.1,55.58
ORD0814,DRV095,Car,University,35,Rainy,1.3,58.62
ORD0815,DRV005,Scooter,University,14,Foggy,5.0,62.06
ORD0816,DRV003,Car,University,54,Rainy,1.6,20.79
ORD0817,DRV053,Scooter,University,49,Rainy,5.0,41.08
ORD0818,DRV023,Car,Downtown,30,Sunny,4.9,63.63
ORD0819,DRV053,Scooter,University,39,Sunny,4.2,97.13
ORD0820,DRV037,Bike,Suburbs,31,Rainy,3.6,74.12
ORD0821,DRV074,Scooter,Suburbs,34,Foggy,3.3,92.65
ORD0822,DRV074,Car,Downtown,38,Foggy,4.5,77.41
ORD0823,DRV083,Car,Suburbs,34,Sunny,2.2,61.21
ORD0824,DRV017,Scooter,Suburbs,37,Foggy,2.9,23.24
ORD0825,DRV085,Bike,University,31,Sunny,3.5,68.34
ORD0826,DRV078,Bike,Suburbs,15,Foggy,2.6,64.22
ORD0827,DRV073,Scooter,Downtown,34,Rainy,2.7,62.23
ORD0828,DRV001,Scooter,University,34,Sunny,2.3,51.53
ORD0829,DRV051,Car,Industrial,19,Sunny,3.3,55.22
ORD0830,DRV045,Bike,University,34,Rainy,4.4,36.77
ORD0831,DRV077,Scooter,Downtown,16,Sunny,1.8,54.33
ORD0832,DRV004,Bike,University,16,Foggy,4.7,23.77
ORD0833,DRV062,Scooter,University,15,Foggy,3.8,81.49
ORD0834,DRV065,Scooter,Downtown,30,Sunny,4.3,22.65
ORD0835,DRV032,Bike,University,38,Foggy,3.2,13.07
ORD0836,DRV034,Scooter,Downtown,29,Sunny,4.1,46.44
ORD0837,DRV092,Scooter,Downtown,31,Rainy,1.1,67.54
ORD0838,DRV095,Car,Industrial,28,Sunny,4.3,46.58
ORD0839,DRV072,Scooter,Suburbs,47,Rainy,1.2,31.29
ORD0840,DRV039,Scooter,Suburbs,24,Foggy,4.6,58.03
ORD0841,DRV026,Scooter,University,31,Rainy,5.0,37.97
ORD0842,DRV034,Car,University,37,Foggy,2.2,93.62
ORD0843,DRV054,Bike,Industrial,21,Sunny,1.8,92.65
ORD0844,DRV003,Car,Industrial,15,Foggy,4.1,52.73
ORD0845,DRV050,Car,Industrial,28,Sunny,2.0,36.15
ORD0846,DRV012,Bike,Downtown,40,Sunny,4.5,75.03
ORD0847,DRV065,Car,Industrial,27,Rainy,1.4,8.49
ORD0848,DRV054,Bike,Industrial,43,Rainy,1.5,50.1
ORD0849,DRV005,Car,University,31,Rainy,4.9,36.95
ORD0850,DRV094,Bike,Industrial,31,Rainy,3.7,92.45
ORD0851,DRV094,Scooter,Downtown,22,Foggy,4.4,6.14
ORD0852,DRV057,Car,Downtown,32,Foggy,2.3,57.52
ORD0853,DRV017,Car,University,35,Foggy,3.7,75.36
ORD0854,DRV047,Car,Industrial,27,Sunny,3.4,51.08
ORD0855,DRV023,Car,Industrial,39,Foggy,3.4,13.11
ORD0856,DRV079,Scooter,Downtown,39,Foggy,3.7,97.38
ORD0857,DRV085,Car,Industrial,14,Foggy,3.3,54.21
ORD0858,DRV014,Scooter,Industrial,52,Rainy,2.7,63.35
ORD0859,DRV066,Scooter,Industrial,25,Foggy,2.1,27.48
ORD0860,DRV075,Scooter,Suburbs,36,Sunny,4.1,50.93
ORD0861,DRV051,Scooter,University,44,Rainy,1.9,45.77
ORD0862,DRV038,Bike,Suburbs,23,Sunny,3.8,12.12
ORD0863,DRV064,Bike,University,34,Foggy,1.9,15.09
ORD0864,DRV098,Car,Downtown,55,Rainy,3.5,84.56
ORD0865,DRV038,Bike,Industrial,25,Sunny,4.0,27.78
ORD0866,DRV050,Bike,University,36,Foggy,1.9,23.52
ORD0867,DRV098,Car,Suburbs,24,Sunny,1.2,52.97
ORD0868,DRV082,Car,Industrial,31,Sunny,1.5,78.03
ORD0869,DRV030,Car,Downtown,13,Sunny,3.4,10.88
ORD0870,DRV079,Bike,University,16,Foggy,4.4,59.8
ORD0871,DRV091,Bike,University,25,Foggy,1.2,16.32
ORD0872,DRV051,Car,University,33,Sunny,3.9,8.46
ORD0873,DRV063,Scooter,Industrial,45,Rainy,2.4,10.01
ORD0874,DRV098,Car,Suburbs,43,Rainy,2.9,84.25
ORD0875,DRV052,Scooter,Suburbs,31,Foggy,4.7,16.21
ORD0876,DRV038,Scooter,University,30,Foggy,2.3,9.29
ORD0877,DRV097,Car,Downtown,17,Foggy,2.9,46.6
ORD0878,DRV088,Car,Downtown,26,Foggy,1.1,85.18
ORD0879,DRV079,Car,Suburbs,25,Foggy,1.3,29.93
ORD0880,DRV030,Bike,Downtown,55,Rainy,2.0,45.06
ORD0881,DRV051,Scooter,Suburbs,32,Foggy,1.1,8.79
ORD0882,DRV081,Bike,University,40,Sunny,3.5,47.66
ORD0883,DRV005,Bike,Suburbs,19,Sunny,2.7,59.87
ORD0884,DRV029,Car,Suburbs,29,Rainy,3.2,59.24
ORD0885,DRV004,Bike,University,36,Sunny,1.7,36.58
ORD0886,DRV010,Car,Downtown,30,Rainy,2.2,34.98
ORD0887,DRV056,Scooter,Suburbs,59,Rainy,3.7,15.13
ORD0888,DRV017,Car,Suburbs,39,Sunny,4.9,39.85
ORD0889,DRV074,Bike,University,18,Foggy,1.2,14.45
ORD0890,DRV017,Bike,Downtown,26,Sunny,4.6,77.83
ORD0891,DRV084,Car,Suburbs,20,Sunny,3.3,96.8
ORD0892,DRV088,Car,University,35,Rainy,3.3,97.16
ORD0893,DRV069,Bike,Suburbs,31,Sunny,3.0,87.18
ORD0894,DRV034,Scooter,Industrial,44,Rainy,1.3,62.08
ORD0895,DRV006,Scooter,University,26,Foggy,1.4,71.58
ORD0896,DRV053,Car,Downtown,13,Foggy,3.4,32.09
ORD0897,DRV066,Scooter,Downtown,25,Foggy,2.4,64.92
ORD0898,DRV077,Bike,Downtown,29,Sunny,4.7,48.29
ORD0899,DRV043,Car,Downtown,34,Rainy,2.6,50.79
ORD0900,DRV075,Bike,Suburbs,34,Foggy,1.6,76.99
ORD0901,DRV023,Bike,Suburbs,50,Rainy,3.9,31.78
ORD0902,DRV055,Scooter,Downtown,48,Rainy,2.2,35.21
ORD0903,DRV080,Car,Downtown,14,Foggy,3.1,92.84
ORD0904,DRV095,Car,Downtown,15,Foggy,3.8,10.34
ORD0905,DRV075,Scooter,Suburbs,41,Rainy,4.6,51.14
ORD0906,DRV016,Bike,Downtown,10,Foggy,4.2,91.72
ORD0907,DRV008,Bike,Downtown,52,Rainy,3.7,62.98
ORD0908,DRV004,Bike,Industrial,46,Rainy,3.7,56.91
ORD0909,DRV004,Bike,Industrial,28,Foggy,4.8,28.73
ORD0910,DRV056,Car,Downtown,13,Sunny,2.2,37.61
ORD0911,DRV025,Car,University,26,Foggy,1.0,85.94
ORD0912,DRV067,Scooter,Downtown,18,Sunny,2.1,58.13
ORD0913,DRV096,Scooter,Industrial,56,Rainy,1.9,53.9
ORD0914,DRV067,Car,University,48,Rainy,3.6,14.46
ORD0915,DRV027,Car,University,11,Sunny,3.5,6.52
ORD0916,DRV093,Bike,Downtown,35,Rainy,3.4,96.55
ORD0917,DRV032,Bike,Industrial,24,Sunny,1.1,40.81
ORD0918,DRV050,Scooter,Industrial,16,Sunny,3.9,62.31
ORD0919,DRV061,Car,University,51,Rainy,2.3,12.57
ORD0920,DRV051,Scooter,Downtown,15,Sunny,3.7,69.9
ORD0921,DRV019,Car,Suburbs,10,Foggy,3.2,93.59
ORD0922,DRV021,Bike,Suburbs,24,Foggy,2.4,59.69
ORD0923,DRV005,Scooter,Industrial,46,Rainy,1.5,16.98
ORD0924,DRV082,Scooter,Suburbs,54,Rainy,1.4,60.26
ORD0925,DRV092,Car,Industrial,16,Sunny,4.3,77.8
ORD0926,DRV042,Bike,Industrial,38,Sunny,4.7,43.61
ORD0927,DRV061,Scooter,Industrial,39,Sunny,3.6,88.58
ORD0928,DRV022,Bike,Suburbs,34,Sunny,1.4,66.62
ORD0929,DRV021,Scooter,Industrial,26,Foggy,2.6,90.43
ORD0930,DRV070,Bike,University,11,Foggy,3.9,64.23
ORD0931,DRV001,Car,Downtown,52,Rainy,4.1,17.47
ORD0932,DRV005,Scooter,Downtown,18,Sunny,1.5,34.42
ORD0933,DRV012,Scooter,Industrial,38,Sunny,1.0,24.17
ORD0934,DRV090,Bike,Downtown,28,Rainy,3.8,91.34
ORD0935,DRV046,Bike,Suburbs,22,Sunny,2.4,77.24
ORD0936,DRV034,Scooter,Suburbs,15,Sunny,2.0,69.26
ORD0937,DRV049,Car,Downtown,15,Sunny,1.1,33.59
ORD0938,DRV078,Bike,Suburbs,29,Sunny,3.2,22.48
ORD0939,DRV090,Bike,Downtown,29,Sunny,4.4,76.86
ORD0940,DRV045,Bike,Downtown,46,Rainy,4.8,50.05
ORD0941,DRV027,Scooter,Downtown,12,Sunny,3.3,26.45
ORD0942,DRV073,Scooter,Industrial,38,Rainy,3.1,63.58
ORD0943,DRV026,Scooter,Downtown,40,Sunny,1.3,8.83
ORD0944,DRV047,Scooter,Industrial,26,Foggy,3.2,35.99
ORD0945,DRV086,Car,Downtown,21,Foggy,2.5,49.51
ORD0946,DRV056,Car,Downtown,25,Foggy,3.4,19.06
ORD0947,DRV094,Scooter,Downtown,24,Foggy,2.6,98.54
ORD0948,DRV063,Car,Suburbs,40,Rainy,2.0,24.86
ORD0949,DRV048,Bike,Industrial,47,Rainy,1.4,17.38
ORD0950,DRV061,Bike,Industrial,10,Sunny,2.3,24.34
ORD0951,DRV081,Bike,Downtown,26,Foggy,1.4,78.06
ORD0952,DRV026,Scooter,Downtown,30,Rainy,1.7,45.42
ORD0953,DRV036,Bike,Suburbs,35,Sunny,4.9,58.71
ORD0954,DRV001,Car,Suburbs,24,Sunny,2.8,7.0
ORD0955,DRV008,Scooter,Suburbs,27,Rainy,3.1,8.27
ORD0956,DRV099,Car,Industrial,13,Foggy,4.5,47.35
ORD0957,DRV052,Bike,Industrial,27,Sunny,5.0,82.58
ORD0958,DRV079,Bike,Industrial,26,Foggy,3.3,89.1
ORD0959,DRV047,Bike,Downtown,28,Foggy,4.2,13.24
ORD0960,DRV056,Scooter,Industrial,20,Foggy,2.3,56.14
ORD0961,DRV086,Car,University,29,Sunny,2.2,91.76
ORD0962,DRV014,Scooter,University,12,Foggy,2.6,41.86
ORD0963,DRV090,Scooter,Suburbs,17,Sunny,3.7,83.81
ORD0964,DRV028,Bike,Industrial,23,Foggy,3.7,17.7
ORD0965,DRV087,Scooter,University,35,Sunny,2.3,93.86
ORD0966,DRV078,Scooter,Suburbs,10,Foggy,1.5,76.39
ORD0967,DRV088,Bike,Industrial,39,Rainy,3.5,94.43
ORD0968,DRV002,Scooter,Downtown,11,Foggy,1.5,69.28
ORD0969,DRV026,Bike,University,38,Foggy,3.3,39.52
ORD0970,DRV014,Bike,Downtown,32,Sunny,3.8,94.13
ORD0971,DRV059,Bike,Industrial,13,Sunny,3.8,31.18
ORD0972,DRV056,Bike,University,33,Foggy,4.0,36.56
ORD0973,DRV007,Scooter,Industrial,49,Rainy,4.5,71.58
ORD0974,DRV003,Bike,Downtown,54,Rainy,3.0,77.71
ORD0975,DRV023,Bike,University,28,Sunny,3.9,93.29
ORD0976,DRV018,Scooter,Downtown,25,Rainy,3.5,24.46
ORD0977,DRV038,Scooter,Industrial,34,Foggy,1.7,80.81
ORD0978,DRV099,Car,Industrial,10,Sunny,1.1,75.16
ORD0979,DRV015,Scooter,Downtown,26,Foggy,2.1,11.06
ORD0980,DRV064,Scooter,University,17,Sunny,2.8,41.79
ORD0981,DRV089,Car,Downtown,28,Sunny,3.5,31.86
ORD0982,DRV028,Scooter,Industrial,30,Sunny,4.4,33.93
ORD0983,DRV074,Scooter,Downtown,10,Sunny,1.8,98.38
ORD0984,DRV039,Scooter,Industrial,30,Rainy,1.5,66.06
ORD0985,DRV057,Scooter,Downtown,36,Foggy,4.9,73.18
ORD0986,DRV017,Car,University,25,Foggy,1.4,97.78
ORD0987,DRV086,Scooter,University,15,Foggy,2.9,40.83
ORD0988,DRV090,Scooter,Downtown,17,Sunny,3.3,81.17
ORD0989,DRV044,Car,Downtown,39,Rainy,3.2,46.28
ORD0990,DRV025,Bike,University,25,Foggy,1.3,87.61
ORD0991,DRV017,Car,Industrial,53,Rainy,1.2,22.16
ORD0992,DRV013,Bike,University,12,Sunny,1.4,95.03
ORD0993,DRV084,Car,Industrial,28,Foggy,3.3,25.78
ORD0994,DRV025,Car,Downtown,32,Rainy,3.2,35.99
ORD0995,DRV068,Scooter,Downtown,25,Sunny,1.9,76.84
ORD0996,DRV010,Bike,Industrial,50,Rainy,3.6,42.41
ORD0997,DRV067,Scooter,Downtown,20,Foggy,4.3,62.78
ORD0998,DRV018,Bike,Industrial,19,Foggy,1.2,47.23
ORD0999,DRV100,Car,Suburbs,34,Sunny,3.0,75.53
ORD1000,DRV086,Car,University,29,Sunny,3.8,26.69
